sample_id,sweep_id,sweep_index,input_angle_rad,input_direction,time_s,jacobian_condition,eligibility
pmks_positive_0000,pmks_positive,0,0.72365403805281037,1,-0.96666666666666801,85.440253722382309,eligible
pmks_positive_0001,pmks_positive,1,0.74110733057275369,1,-0.95000000000000129,53.206472692704175,eligible
pmks_positive_0002,pmks_positive,2,0.7585606230926969,1,-0.93333333333333457,40.799319936209656,eligible
pmks_positive_0003,pmks_positive,3,0.77601391561264033,1,-0.91666666666666785,33.931822124968733,eligible
pmks_positive_0004,pmks_positive,4,0.79346720813258376,1,-0.90000000000000113,29.459209119482232,eligible
pmks_positive_0005,pmks_positive,5,0.81092050065252719,1,-0.88333333333333441,26.262397575983478,eligible
pmks_positive_0006,pmks_positive,6,0.82837379317247062,1,-0.8666666666666677,23.836028007867601,eligible
pmks_positive_0007,pmks_positive,7,0.84582708569241394,1,-0.85000000000000098,21.915725162310373,eligible
pmks_positive_0008,pmks_positive,8,0.86328037821235726,1,-0.83333333333333426,20.348507217001313,eligible
pmks_positive_0009,pmks_positive,9,0.88073367073230058,1,-0.81666666666666754,19.039078395358107,eligible
pmks_positive_0010,pmks_positive,10,0.8981869632522439,1,-0.80000000000000082,17.924638184636944,eligible
pmks_positive_0011,pmks_positive,11,0.91564025577218711,1,-0.7833333333333341,16.961920085051165,eligible
pmks_positive_0012,pmks_positive,12,0.93309354829213043,1,-0.76666666666666738,16.120024157517772,eligible
pmks_positive_0013,pmks_positive,13,0.95054684081207386,1,-0.75000000000000067,15.376217366979835,eligible
pmks_positive_0014,pmks_positive,14,0.96800013333201718,1,-0.73333333333333395,14.713353089768891,eligible
pmks_positive_0015,pmks_positive,15,0.9854534258519605,1,-0.71666666666666723,14.118221214002057,eligible
pmks_positive_0016,pmks_positive,16,1.0029067183719038,1,-0.70000000000000051,13.580457011424299,eligible
pmks_positive_0017,pmks_positive,17,1.0203600108918474,1,-0.68333333333333379,13.091798280365978,eligible
pmks_positive_0018,pmks_positive,18,1.0378133034117907,1,-0.66666666666666707,12.645566667382893,eligible
pmks_positive_0019,pmks_positive,19,1.055266595931734,1,-0.65000000000000036,12.23629740416926,eligible
pmks_positive_0020,pmks_positive,20,1.0727198884516773,1,-0.63333333333333364,11.859469762708565,eligible
pmks_positive_0021,pmks_positive,21,1.0901731809716206,1,-0.61666666666666692,11.511307377152292,eligible
pmks_positive_0022,pmks_positive,22,1.107626473491564,1,-0.6000000000000002,11.188627990905724,eligible
pmks_positive_0023,pmks_positive,23,1.1250797660115073,1,-0.58333333333333348,10.888728789867821,eligible
pmks_positive_0024,pmks_positive,24,1.1425330585314506,1,-0.56666666666666676,10.609297769148911,eligible
pmks_positive_0025,pmks_positive,25,1.1599863510513939,1,-0.55000000000000004,10.34834442250504,eligible
pmks_positive_0026,pmks_positive,26,1.1774396435713372,1,-0.53333333333333333,10.104144964255957,eligible
pmks_positive_0027,pmks_positive,27,1.1948929360912806,1,-0.51666666666666661,9.8751986140818921,eligible
pmks_positive_0028,pmks_positive,28,1.2123462286112239,1,-0.49999999999999994,9.6601923977758322,eligible
pmks_positive_0029,pmks_positive,29,1.2297995211311672,1,-0.48333333333333328,9.4579725711671578,eligible
pmks_positive_0030,pmks_positive,30,1.2472528136511105,1,-0.46666666666666662,9.2675212444809425,eligible
pmks_positive_0031,pmks_positive,31,1.2647061061710538,1,-0.44999999999999996,9.0879371263992894,eligible
pmks_positive_0032,pmks_positive,32,1.2821593986909972,1,-0.43333333333333329,8.9184195588229471,eligible
pmks_positive_0033,pmks_positive,33,1.2996126912109405,1,-0.41666666666666663,8.7582552006272252,eligible
pmks_positive_0034,pmks_positive,34,1.3170659837308838,1,-0.39999999999999997,8.6068068594663014,eligible
pmks_positive_0035,pmks_positive,35,1.3345192762508271,1,-0.3833333333333333,8.4635040774679116,eligible
pmks_positive_0036,pmks_positive,36,1.3519725687707704,1,-0.36666666666666664,8.3278351583964518,eligible
pmks_positive_0037,pmks_positive,37,1.3694258612907138,1,-0.34999999999999998,8.1993403869444759,eligible
pmks_positive_0038,pmks_positive,38,1.3868791538106571,1,-0.33333333333333331,8.0776062398880342,eligible
pmks_positive_0039,pmks_positive,39,1.4043324463306004,1,-0.31666666666666665,7.9622604273043356,eligible
pmks_positive_0040,pmks_positive,40,1.4217857388505437,1,-0.29999999999999999,7.8529676324165392,eligible
pmks_positive_0041,pmks_positive,41,1.439239031370487,1,-0.28333333333333333,7.7494258427703846,eligible
pmks_positive_0042,pmks_positive,42,1.4566923238904304,1,-0.26666666666666666,7.6513631847693091,eligible
pmks_positive_0043,pmks_positive,43,1.4741456164103737,1,-0.24999999999999997,7.5585351891651467,eligible
pmks_positive_0044,pmks_positive,44,1.491598908930317,1,-0.23333333333333331,7.4707224277343469,eligible
pmks_positive_0045,pmks_positive,45,1.5090522014502603,1,-0.21666666666666665,7.3877284716929283,eligible
pmks_positive_0046,pmks_positive,46,1.5265054939702036,1,-0.19999999999999998,7.3093781309016554,eligible
pmks_positive_0047,pmks_positive,47,1.543958786490147,1,-0.18333333333333332,7.2355159399694005,eligible
pmks_positive_0048,pmks_positive,48,1.5614120790100903,1,-0.16666666666666666,7.1660048632735798,eligible
pmks_positive_0049,pmks_positive,49,1.5788653715300336,1,-0.14999999999999999,7.1007251959252287,eligible
pmks_positive_0050,pmks_positive,50,1.5963186640499769,1,-0.13333333333333333,7.0395736420027832,eligible
pmks_positive_0051,pmks_positive,51,1.6137719565699202,1,-0.11666666666666667,6.9824625551222637,eligible
pmks_positive_0052,pmks_positive,52,1.6312252490898635,1,-0.10000000000000001,6.9293193297335325,eligible
pmks_positive_0053,pmks_positive,53,1.6486785416098069,1,-0.083333333333333343,6.8800859345443888,eligible
pmks_positive_0054,pmks_positive,54,1.6661318341297502,1,-0.06666666666666668,6.8347185822765715,eligible
pmks_positive_0055,pmks_positive,55,1.6835851266496935,1,-0.05000000000000001,6.7931875326367486,eligible
pmks_positive_0056,pmks_positive,56,1.7010384191696368,1,-0.03333333333333334,6.7554770280310317,eligible
pmks_positive_0057,pmks_positive,57,1.7184917116895801,1,-0.01666666666666667,6.7215853642435786,eligible
pmks_positive_0058,pmks_positive,58,1.7359450042095235,1,0,6.6915251011313481,eligible
pmks_positive_0059,pmks_positive,59,1.7533982967294668,1,0.01666666666666667,6.6653234214531665,eligible
pmks_positive_0060,pmks_positive,60,1.7708515892494101,1,0.03333333333333334,6.6430226493650792,eligible
pmks_positive_0061,pmks_positive,61,1.7883048817693534,1,0.05000000000000001,6.624680944007749,eligible
pmks_positive_0062,pmks_positive,62,1.8057581742892967,1,0.06666666666666668,6.6103731881475865,eligible
pmks_positive_0063,pmks_positive,63,1.8232114668092401,1,0.083333333333333343,6.6001920972140837,eligible
pmks_positive_0064,pmks_positive,64,1.8406647593291834,1,0.10000000000000001,6.5942495805583583,eligible
pmks_positive_0065,pmks_positive,65,1.8581180518491267,1,0.11666666666666667,6.5926783946736345,eligible
pmks_positive_0066,pmks_positive,66,1.87557134436907,1,0.13333333333333333,6.5956341379006282,eligible
pmks_positive_0067,pmks_positive,67,1.8930246368890133,1,0.14999999999999999,6.6032976483566079,eligible
pmks_positive_0068,pmks_positive,68,1.9104779294089567,1,0.16666666666666666,6.6158778822352335,eligible
pmks_positive_0069,pmks_positive,69,1.9279312219289,1,0.18333333333333332,6.6336153692381741,eligible
pmks_positive_0070,pmks_positive,70,1.9453845144488433,1,0.19999999999999998,6.6567863670926268,eligible
pmks_positive_0071,pmks_positive,71,1.9628378069687866,1,0.21666666666666665,6.6857078697586916,eligible
pmks_positive_0072,pmks_positive,72,1.9802910994887299,1,0.23333333333333331,6.7207436666244229,eligible
pmks_positive_0073,pmks_positive,73,1.9977443920086733,1,0.24999999999999997,6.7623117063363862,eligible
pmks_positive_0074,pmks_positive,74,2.0151976845286166,1,0.26666666666666666,6.8108930940098142,eligible
pmks_positive_0075,pmks_positive,75,2.0326509770485597,1,0.28333333333333333,6.8670431516703632,eligible
pmks_positive_0076,pmks_positive,76,2.0501042695685028,1,0.29999999999999999,6.9314051094028324,eligible
pmks_positive_0077,pmks_positive,77,2.0675575620884459,1,0.31666666666666665,7.0047271842119159,eligible
pmks_positive_0078,pmks_positive,78,2.085010854608389,1,0.33333333333333331,7.0878840679327091,eligible
pmks_positive_0079,pmks_positive,79,2.1024641471283321,1,0.34999999999999998,7.1819042192648217,eligible
pmks_positive_0080,pmks_positive,80,2.1199174396482752,1,0.36666666666666664,7.2880048913503002,eligible
pmks_positive_0081,pmks_positive,81,2.1373707321682183,1,0.3833333333333333,7.4076376086296207,eligible
pmks_positive_0082,pmks_positive,82,2.1548240246881614,1,0.39999999999999997,7.5425479682962555,eligible
pmks_positive_0083,pmks_positive,83,2.1722773172081045,1,0.41666666666666663,7.6948554005316812,eligible
pmks_positive_0084,pmks_positive,84,2.1897306097280476,1,0.43333333333333329,7.8671612432982005,eligible
pmks_positive_0085,pmks_positive,85,2.2071839022479907,1,0.44999999999999996,8.0626978014628055,eligible
pmks_positive_0086,pmks_positive,86,2.2246371947679338,1,0.46666666666666662,8.2855380849992333,eligible
pmks_positive_0087,pmks_positive,87,2.2420904872878769,1,0.48333333333333328,8.5408977134895334,eligible
pmks_positive_0088,pmks_positive,88,2.25954377980782,1,0.49999999999999994,8.8355809649157706,eligible
pmks_positive_0089,pmks_positive,89,2.276997072327763,1,0.51666666666666661,9.1786599901167261,eligible
pmks_positive_0090,pmks_positive,90,2.2944503648477061,1,0.53333333333333333,9.5825463295738373,eligible
pmks_positive_0091,pmks_positive,91,2.3119036573676492,1,0.55000000000000004,10.064753944994122,eligible
pmks_positive_0092,pmks_positive,92,2.3293569498875923,1,0.56666666666666676,10.650951460409429,eligible
pmks_positive_0093,pmks_positive,93,2.3468102424075354,1,0.58333333333333348,11.380589315589132,eligible
pmks_positive_0094,pmks_positive,94,2.3642635349274785,1,0.6000000000000002,12.3181370343568,eligible
pmks_positive_0095,pmks_positive,95,2.3817168274474216,1,0.61666666666666692,13.578017022489169,eligible
pmks_positive_0096,pmks_positive,96,2.3991701199673647,1,0.63333333333333364,15.388651900864392,eligible
pmks_positive_0097,pmks_positive,97,2.4166234124873078,1,0.65000000000000036,18.297640280712834,eligible
pmks_positive_0098,pmks_positive,98,2.4340767050072509,1,0.66666666666666707,24.140568254670118,eligible
pmks_positive_0099,pmks_positive,99,2.451529997527194,1,0.68333333333333379,49.522392348578137,eligible
pmks_negative_0000,pmks_negative,0,2.451529997527194,-1,-0.68333333333333379,49.522392348578137,eligible
pmks_negative_0001,pmks_negative,1,2.4340767050072509,-1,-0.66666666666666707,24.140568254670118,eligible
pmks_negative_0002,pmks_negative,2,2.4166234124873078,-1,-0.65000000000000036,18.297640280712834,eligible
pmks_negative_0003,pmks_negative,3,2.3991701199673647,-1,-0.63333333333333364,15.388651900864392,eligible
pmks_negative_0004,pmks_negative,4,2.3817168274474216,-1,-0.61666666666666692,13.578017022489169,eligible
pmks_negative_0005,pmks_negative,5,2.3642635349274785,-1,-0.6000000000000002,12.3181370343568,eligible
pmks_negative_0006,pmks_negative,6,2.3468102424075354,-1,-0.58333333333333348,11.380589315589132,eligible
pmks_negative_0007,pmks_negative,7,2.3293569498875923,-1,-0.56666666666666676,10.650951460409429,eligible
pmks_negative_0008,pmks_negative,8,2.3119036573676492,-1,-0.55000000000000004,10.064753944994122,eligible
pmks_negative_0009,pmks_negative,9,2.2944503648477061,-1,-0.53333333333333333,9.5825463295738373,eligible
pmks_negative_0010,pmks_negative,10,2.276997072327763,-1,-0.51666666666666661,9.1786599901167261,eligible
pmks_negative_0011,pmks_negative,11,2.25954377980782,-1,-0.49999999999999994,8.8355809649157706,eligible
pmks_negative_0012,pmks_negative,12,2.2420904872878769,-1,-0.48333333333333328,8.5408977134895334,eligible
pmks_negative_0013,pmks_negative,13,2.2246371947679338,-1,-0.46666666666666662,8.2855380849992333,eligible
pmks_negative_0014,pmks_negative,14,2.2071839022479907,-1,-0.44999999999999996,8.0626978014628055,eligible
pmks_negative_0015,pmks_negative,15,2.1897306097280476,-1,-0.43333333333333329,7.8671612432982005,eligible
pmks_negative_0016,pmks_negative,16,2.1722773172081045,-1,-0.41666666666666663,7.6948554005316812,eligible
pmks_negative_0017,pmks_negative,17,2.1548240246881614,-1,-0.39999999999999997,7.5425479682962555,eligible
pmks_negative_0018,pmks_negative,18,2.1373707321682183,-1,-0.3833333333333333,7.4076376086296207,eligible
pmks_negative_0019,pmks_negative,19,2.1199174396482752,-1,-0.36666666666666664,7.2880048913503002,eligible
pmks_negative_0020,pmks_negative,20,2.1024641471283321,-1,-0.34999999999999998,7.1819042192648217,eligible
pmks_negative_0021,pmks_negative,21,2.085010854608389,-1,-0.33333333333333331,7.0878840679327091,eligible
pmks_negative_0022,pmks_negative,22,2.0675575620884459,-1,-0.31666666666666665,7.0047271842119159,eligible
pmks_negative_0023,pmks_negative,23,2.0501042695685028,-1,-0.29999999999999999,6.9314051094028324,eligible
pmks_negative_0024,pmks_negative,24,2.0326509770485597,-1,-0.28333333333333333,6.8670431516703632,eligible
pmks_negative_0025,pmks_negative,25,2.0151976845286166,-1,-0.26666666666666666,6.8108930940098142,eligible
pmks_negative_0026,pmks_negative,26,1.9977443920086733,-1,-0.24999999999999997,6.7623117063363862,eligible
pmks_negative_0027,pmks_negative,27,1.9802910994887299,-1,-0.23333333333333331,6.7207436666244229,eligible
pmks_negative_0028,pmks_negative,28,1.9628378069687866,-1,-0.21666666666666665,6.6857078697586916,eligible
pmks_negative_0029,pmks_negative,29,1.9453845144488433,-1,-0.19999999999999998,6.6567863670926268,eligible
pmks_negative_0030,pmks_negative,30,1.9279312219289,-1,-0.18333333333333332,6.6336153692381741,eligible
pmks_negative_0031,pmks_negative,31,1.9104779294089567,-1,-0.16666666666666666,6.6158778822352335,eligible
pmks_negative_0032,pmks_negative,32,1.8930246368890133,-1,-0.14999999999999999,6.6032976483566079,eligible
pmks_negative_0033,pmks_negative,33,1.87557134436907,-1,-0.13333333333333333,6.5956341379006282,eligible
pmks_negative_0034,pmks_negative,34,1.8581180518491267,-1,-0.11666666666666667,6.5926783946736345,eligible
pmks_negative_0035,pmks_negative,35,1.8406647593291834,-1,-0.10000000000000001,6.5942495805583583,eligible
pmks_negative_0036,pmks_negative,36,1.8232114668092401,-1,-0.083333333333333343,6.6001920972140837,eligible
pmks_negative_0037,pmks_negative,37,1.8057581742892967,-1,-0.06666666666666668,6.6103731881475865,eligible
pmks_negative_0038,pmks_negative,38,1.7883048817693534,-1,-0.05000000000000001,6.624680944007749,eligible
pmks_negative_0039,pmks_negative,39,1.7708515892494101,-1,-0.03333333333333334,6.6430226493650792,eligible
pmks_negative_0040,pmks_negative,40,1.7533982967294668,-1,-0.01666666666666667,6.6653234214531665,eligible
pmks_negative_0041,pmks_negative,41,1.7359450042095235,-1,0,6.6915251011313481,eligible
pmks_negative_0042,pmks_negative,42,1.7184917116895801,-1,0.01666666666666667,6.7215853642435786,eligible
pmks_negative_0043,pmks_negative,43,1.7010384191696368,-1,0.03333333333333334,6.7554770280310317,eligible
pmks_negative_0044,pmks_negative,44,1.6835851266496935,-1,0.05000000000000001,6.7931875326367486,eligible
pmks_negative_0045,pmks_negative,45,1.6661318341297502,-1,0.06666666666666668,6.8347185822765715,eligible
pmks_negative_0046,pmks_negative,46,1.6486785416098069,-1,0.083333333333333343,6.8800859345443888,eligible
pmks_negative_0047,pmks_negative,47,1.6312252490898635,-1,0.10000000000000001,6.9293193297335325,eligible
pmks_negative_0048,pmks_negative,48,1.6137719565699202,-1,0.11666666666666667,6.9824625551222637,eligible
pmks_negative_0049,pmks_negative,49,1.5963186640499769,-1,0.13333333333333333,7.0395736420027832,eligible
pmks_negative_0050,pmks_negative,50,1.5788653715300336,-1,0.14999999999999999,7.1007251959252287,eligible
pmks_negative_0051,pmks_negative,51,1.5614120790100903,-1,0.16666666666666666,7.1660048632735798,eligible
pmks_negative_0052,pmks_negative,52,1.543958786490147,-1,0.18333333333333332,7.2355159399694005,eligible
pmks_negative_0053,pmks_negative,53,1.5265054939702036,-1,0.19999999999999998,7.3093781309016554,eligible
pmks_negative_0054,pmks_negative,54,1.5090522014502603,-1,0.21666666666666665,7.3877284716929283,eligible
pmks_negative_0055,pmks_negative,55,1.491598908930317,-1,0.23333333333333331,7.4707224277343469,eligible
pmks_negative_0056,pmks_negative,56,1.4741456164103737,-1,0.24999999999999997,7.5585351891651467,eligible
pmks_negative_0057,pmks_negative,57,1.4566923238904304,-1,0.26666666666666666,7.6513631847693091,eligible
pmks_negative_0058,pmks_negative,58,1.439239031370487,-1,0.28333333333333333,7.7494258427703846,eligible
pmks_negative_0059,pmks_negative,59,1.4217857388505437,-1,0.29999999999999999,7.8529676324165392,eligible
pmks_negative_0060,pmks_negative,60,1.4043324463306004,-1,0.31666666666666665,7.9622604273043356,eligible
pmks_negative_0061,pmks_negative,61,1.3868791538106571,-1,0.33333333333333331,8.0776062398880342,eligible
pmks_negative_0062,pmks_negative,62,1.3694258612907138,-1,0.34999999999999998,8.1993403869444759,eligible
pmks_negative_0063,pmks_negative,63,1.3519725687707704,-1,0.36666666666666664,8.3278351583964518,eligible
pmks_negative_0064,pmks_negative,64,1.3345192762508271,-1,0.3833333333333333,8.4635040774679116,eligible
pmks_negative_0065,pmks_negative,65,1.3170659837308838,-1,0.39999999999999997,8.6068068594663014,eligible
pmks_negative_0066,pmks_negative,66,1.2996126912109405,-1,0.41666666666666663,8.7582552006272252,eligible
pmks_negative_0067,pmks_negative,67,1.2821593986909972,-1,0.43333333333333329,8.9184195588229471,eligible
pmks_negative_0068,pmks_negative,68,1.2647061061710538,-1,0.44999999999999996,9.0879371263992894,eligible
pmks_negative_0069,pmks_negative,69,1.2472528136511105,-1,0.46666666666666662,9.2675212444809425,eligible
pmks_negative_0070,pmks_negative,70,1.2297995211311672,-1,0.48333333333333328,9.4579725711671578,eligible
pmks_negative_0071,pmks_negative,71,1.2123462286112239,-1,0.49999999999999994,9.6601923977758322,eligible
pmks_negative_0072,pmks_negative,72,1.1948929360912806,-1,0.51666666666666661,9.8751986140818921,eligible
pmks_negative_0073,pmks_negative,73,1.1774396435713372,-1,0.53333333333333333,10.104144964255957,eligible
pmks_negative_0074,pmks_negative,74,1.1599863510513939,-1,0.55000000000000004,10.34834442250504,eligible
pmks_negative_0075,pmks_negative,75,1.1425330585314506,-1,0.56666666666666676,10.609297769148911,eligible
pmks_negative_0076,pmks_negative,76,1.1250797660115073,-1,0.58333333333333348,10.888728789867821,eligible
pmks_negative_0077,pmks_negative,77,1.107626473491564,-1,0.6000000000000002,11.188627990905724,eligible
pmks_negative_0078,pmks_negative,78,1.0901731809716206,-1,0.61666666666666692,11.511307377152292,eligible
pmks_negative_0079,pmks_negative,79,1.0727198884516773,-1,0.63333333333333364,11.859469762708565,eligible
pmks_negative_0080,pmks_negative,80,1.055266595931734,-1,0.65000000000000036,12.23629740416926,eligible
pmks_negative_0081,pmks_negative,81,1.0378133034117907,-1,0.66666666666666707,12.645566667382893,eligible
pmks_negative_0082,pmks_negative,82,1.0203600108918474,-1,0.68333333333333379,13.091798280365978,eligible
pmks_negative_0083,pmks_negative,83,1.0029067183719038,-1,0.70000000000000051,13.580457011424299,eligible
pmks_negative_0084,pmks_negative,84,0.9854534258519605,-1,0.71666666666666723,14.118221214002057,eligible
pmks_negative_0085,pmks_negative,85,0.96800013333201718,-1,0.73333333333333395,14.713353089768891,eligible
pmks_negative_0086,pmks_negative,86,0.95054684081207386,-1,0.75000000000000067,15.376217366979835,eligible
pmks_negative_0087,pmks_negative,87,0.93309354829213043,-1,0.76666666666666738,16.120024157517772,eligible
pmks_negative_0088,pmks_negative,88,0.91564025577218711,-1,0.7833333333333341,16.961920085051165,eligible
pmks_negative_0089,pmks_negative,89,0.8981869632522439,-1,0.80000000000000082,17.924638184636944,eligible
pmks_negative_0090,pmks_negative,90,0.88073367073230058,-1,0.81666666666666754,19.039078395358107,eligible
pmks_negative_0091,pmks_negative,91,0.86328037821235726,-1,0.83333333333333426,20.348507217001313,eligible
pmks_negative_0092,pmks_negative,92,0.84582708569241394,-1,0.85000000000000098,21.915725162310373,eligible
pmks_negative_0093,pmks_negative,93,0.82837379317247062,-1,0.8666666666666677,23.836028007867601,eligible
pmks_negative_0094,pmks_negative,94,0.81092050065252719,-1,0.88333333333333441,26.262397575983478,eligible
pmks_negative_0095,pmks_negative,95,0.79346720813258376,-1,0.90000000000000113,29.459209119482232,eligible
pmks_negative_0096,pmks_negative,96,0.77601391561264033,-1,0.91666666666666785,33.931822124968733,eligible
pmks_negative_0097,pmks_negative,97,0.7585606230926969,-1,0.93333333333333457,40.799319936209656,eligible
pmks_negative_0098,pmks_negative,98,0.74110733057275369,-1,0.95000000000000129,53.206472692704175,eligible
pmks_negative_0099,pmks_negative,99,0.72365403805281037,-1,0.96666666666666801,85.440253722382309,eligible
