sample_id,position,velocity,acceleration
pmks_positive_0000,0,0,0
pmks_positive_0001,-0.053211796146026558,3.2435313375516035,6.0635467479266421
pmks_positive_0002,-0.10810782902156646,3.3436912439964468,5.9550566221978078
pmks_positive_0003,-0.16465796350907169,3.4420138372824303,5.8430768108318478
pmks_positive_0004,-0.22283109520053479,3.5384413461994839,5.7276546318063035
pmks_positive_0005,-0.2825951635447197,3.632916813168781,5.60884042721508
pmks_positive_0006,-0.34391716583449039,3.7253841458738508,5.4866877115394779
pmks_positive_0007,-0.40676317207548607,3.8157881714002624,5.3612533243373397
pmks_positive_0008,-0.47109834077851076,3.9040746929538499,5.2325975868929335
pmks_positive_0009,-0.53688693571915991,3.9901905492190304,5.1007844622820038
pmks_positive_0010,-0.6040923437091017,4.074083676408959,4.9658817182105093
pmks_positive_0011,-0.6726770934242623,4.155703173047673,4.8279610918822407
pmks_positive_0012,-0.74260287533567215,4.2349993675110875,4.6870984560397435
pmks_positive_0013,-0.81383056278907695,4.3119238883384181,4.5433739852052293
pmks_positive_0014,-0.88632023427946294,4.3864297373084558,4.3968723210239409
pmks_positive_0015,-0.96003119696640837,4.4584713652556118,4.2476827354823206
pmks_positive_0016,-1.0349220114755564,4.5280047505792229,4.0958992906384069
pmks_positive_0017,-1.1109505180305526,4.5949874803756208,3.9416209933631658
pmks_positive_0018,-1.1880738639583708,4.6593788340963345,3.7849519434503653
pmks_positive_0019,-1.2662485326091772,4.7211398696072546,3.6260014733109034
pmks_positive_0020,-1.3454303737294246,4.780233511492626,3.464884277327033
pmks_positive_0021,-1.4255746353241179,4.8366246414145566,3.3017205288051308
pmks_positive_0022,-1.5066359970406715,4.8902801903032627,3.1366359823348757
pmks_positive_0023,-1.5885686051027044,4.9411692321156906,2.9697620592411287
pmks_positive_0024,-1.6713261088174995,4.9892630788606898,2.8012359137053648
pmks_positive_0025,-1.7548616986754286,5.0345353765477041,2.6312004770397706
pmks_positive_0026,-1.8391281460535396,5.0769622016733473,2.459804477522864
pmks_positive_0027,-1.9240778445288207,5.1165221578165907,2.2872024331545484
pmks_positive_0028,-2.0096628527989928,5.1531964718690286,2.1135546146649293
pmks_positive_0029,-2.095834939200568,5.1869690893822584,1.9390269761193211
pmks_positive_0030,-2.1825456278047923,5.2178267684704567,1.7637910505056813
pmks_positive_0031,-2.2697462460623932,5.2457591716632628,1.5880238077742386
pmks_positive_0032,-2.3573879739577102,5.270758955062985,1.4119074729263805
pmks_positive_0033,-2.4454218946215587,5.2928218541214029,1.2356293019242468
pmks_positive_0034,-2.5337990463405653,5.3119467653161454,1.0593813134169952
pmks_positive_0035,-2.6224704758884165,5.3281358229754225,0.88335997455687698
pmks_positive_0036,-2.7113872930916916,5.341394470473845,0.70776583950952654
pmks_positive_0037,-2.8005007265298758,5.3517315250018971,0.53280313964901094
pmks_positive_0038,-2.8897621802556746,5.3591592350983976,0.35867932486878873
pmks_positive_0039,-2.9791232914082393,5.3636933301299194,0.18560455593303038
pmks_positive_0040,-3.0685359885782741,5.3653530609042281,0.013791148335986936
pmks_positive_0041,-3.1579525507705934,5.3641612306175261,-0.15654703127448988
pmks_positive_0042,-3.2473256667964865,5.3601442153580203,-0.32519521442523036
pmks_positive_0043,-3.3366084949155965,5.353331973421926,-0.49193842355416084
pmks_positive_0044,-3.4257547225349239,5.3437580427426221,-0.65656220512856778
pmks_positive_0045,-3.514718625761434,5.3314595257900379,-0.81885339942430302
pmks_positive_0046,-3.6034551285945238,5.3164770613650623,-0.97860094254987384
pmks_positive_0047,-3.6919198615356734,5.298854782793101,-1.1355966956169721
pmks_positive_0048,-3.7800692193851066,5.2786402621114581,-1.2896362953034175
pmks_positive_0049,-3.8678604179893483,5.2558844399461808,-1.4405200194401551
pmks_positive_0050,-3.9552515496993568,5.2306415408850233,-1.5880536606960347
pmks_positive_0051,-4.0422016372967633,5.2029689742726832,-1.7320494009473741
pmks_positive_0052,-4.1286706861454849,5.1729272204815295,-1.8723266785179964
pmks_positive_0053,-4.2146197343280205,5.1405797028439615,-2.0087130401732138
pmks_positive_0054,-4.3000109005299327,5.1059926455695059,-2.1410449695595992
pmks_positive_0055,-4.3848074294426178,5.0692349181090908,-2.269168683711936
pmks_positive_0056,-4.4689737344632698,5.0303778665681707,-2.3929408893067992
pmks_positive_0057,-4.5524754374821983,4.9894951329077157,-2.512229490534331
pmks_positive_0058,-4.6352794055610076,4.9466624628049836,-2.6269142407878214
pmks_positive_0059,-4.7173537843208129,4.9019575031723059,-2.7368873308339903
pmks_positive_0060,-4.7986680278772482,4.8554595904496649,-2.8420539067209445
pmks_positive_0061,-4.8791929251785691,4.8072495308933769,-2.9423325113981207
pmks_positive_0062,-4.9589006226242525,4.7574093741768975,-3.0376554448524313
pmks_positive_0063,-5.0377646428642189,4.7060221816986818,-3.1279690384932799
pmks_positive_0064,-5.1157598997024678,4.6531717910549215,-3.21323384052981
pmks_positive_0065,-5.192862709053732,4.5989425781803117,-3.293424710157741
pmks_positive_0066,-5.2690507959269901,4.5434192186871432,-3.368530819489866
pmks_positive_0067,-5.3443032974352995,4.4866864499413177,-3.4385555633020286
pmks_positive_0068,-5.4186007618570073,4.4288288354031975,-3.5035163778025735
pmks_positive_0069,-5.4919251437986052,4.3699305327317424,-3.5634444707457029
pmks_positive_0070,-5.5642597955341353,4.3100750671027397,-3.618384466276019
pmks_positive_0071,-5.6355894546197014,4.2493451111270666,-3.6683939688926275
pmks_positive_0072,-5.7059002279040572,4.1878222726739649,-3.7135430518375632
pmks_positive_0073,-5.7751795720772838,4.1255868918089904,-3.7539136760294749
pmks_positive_0074,-5.8434162709187749,4.062717847948238,-3.7895990463651561
pmks_positive_0075,-5.9106004094231768,3.9992923782117735,-3.8207029127890935
pmks_positive_0076,-5.9767233449982413,3.9353859078319249,-3.8473388239770205
pmks_positive_0077,-6.0417776759417228,3.8710718933385899,-3.8696293417898007
pmks_positive_0078,-6.1057572074153246,3.8064216791060943,-3.88770522482851
pmks_positive_0079,-6.1686569151423027,3.7415043677067912,-3.9017045894625855
pmks_positive_0080,-6.2304729070615519,3.6763867043775993,-3.9117720566161429
pmks_positive_0081,-6.2912023831750439,3.611132975769157,-3.9180578923911051
pmks_positive_0082,-6.3508435938271024,3.5458049230151123,-3.9207171502898071
pmks_positive_0083,-6.4093957966536363,3.480461669033009,-3.9199088223866729
pmks_positive_0084,-6.4668592124369813,3.4151596598497691,-3.9157950063017872
pmks_positive_0085,-6.5232349800975395,3.3499526196351956,-3.9085400942629582
pmks_positive_0086,-6.5785251110474272,3.2848915190272292,-3.898309989922577
pmks_positive_0087,-6.632732443123488,3.2200245562437386,-3.8852713579355012
pmks_positive_0088,-6.68586059430808,3.1553971503978397,-3.8695909106195479
pmks_positive_0089,-6.7379139164356721,3.0910519463675215,-3.8514347353243572
pmks_positive_0090,-6.7888974490720262,3.0270288305157198,-3.8309676654406912
pmks_positive_0091,-6.8388168737406492,2.9633649565137965,-3.8083526973021264
pmks_positive_0092,-6.8876784686584323,2.9000947804893569,-3.7837504545751313
pmks_positive_0093,-6.9354890641292384,2.8372501046979992,-3.7573187011103366
pmks_positive_0094,-6.9822559987307624,2.7748601289072679,-3.729211902645051
pmks_positive_0095,-7.0279870764163945,2.71295150867914,-3.699580837210116
pmks_positive_0096,-7.0726905246403406,2.6515484197439418,-3.6685722536076608
pmks_positive_0097,-7.1163749536008831,2.5906726276728573,-3.6363285768927813
pmks_positive_0098,-7.1590493166836229,2.5303435620771619,-3.6029876594132126
pmks_positive_0099,-7.2007228721739072,2.4705783945892508,-3.5686825756369025
pmks_positive_0100,-7.2414051462954898,2.4113921199122941,-3.5335414587272993
pmks_positive_0101,-7.2811058976208365,2.3527976392613166,-3.4976873766082912
pmks_positive_0102,-7.3198350828876118,2.2948058455575069,-3.4612382450927428
pmks_positive_0103,-7.3576028242454861,2.2374257097791683,-3.4243067755272611
pmks_positive_0104,-7.3944193779479059,2.180664367915802,-3.3870004543276613
pmks_positive_0105,-7.4302951044945456,2.1245272080160107,-3.3494215517407766
pmks_positive_0106,-7.4652404402220842,2.0690179568643563,-3.3116671571645511
pmks_positive_0107,-7.4992658703335602,2.0141387658665995,-3.2738292383858205
pmks_positive_0108,-7.5323819033498882,1.9598902957663364,-3.2359947221493472
pmks_positive_0109,-7.564599046961245,1.9062717998585474,-3.1982455935488723
pmks_positive_0110,-7.5959277852507405,1.8532812054066128,-3.1606590118269082
pmks_positive_0111,-7.6263785572582972,1.800915193008656,-3.1233074402812582
pmks_positive_0112,-7.6559617368486554,1.7491692736964501,-3.0862587880993182
pmks_positive_0113,-7.6846876138442086,1.6980378635853264,-3.0495765620729292
pmks_positive_0114,-7.7125663763805292,1.6475143559265224,-3.0133200262840658
pmks_positive_0115,-7.7396080944402676,1.5975911904440727,-2.9775443679924285
pmks_positive_0116,-7.7658227045194295,1.5482599198666049,-2.9423008680978371
pmks_positive_0117,-7.7912199953786478,1.4995112735904028,-2.9076370746912223
pmks_positive_0118,-7.815809594831328,1.4513352184336608,-2.8735969783463853
pmks_positive_0119,-7.8396009575199717,1.4037210164632319,-2.8402211879391541
pmks_positive_0120,-7.862603353631874,1.3566572798942556,-2.8075471059099684
pmks_positive_0121,-7.8848258585055326,1.3101320230801596,-2.7756091020094664
pmks_positive_0122,-7.9062773430795295,1.2641327116254588,-2.7444386846835274
pmks_positive_0123,-7.9269664651362923,1.2186463086669814,-2.7140646693641255
pmks_positive_0124,-7.9469016612939871,1.1736593183804909,-2.6845133430348009
pmks_positive_0125,-7.9660911397008736,1.1291578267793752,-2.6558086245345183
pmks_positive_0126,-7.9845428733875856,1.0851275398802869,-2.627972220150979
pmks_positive_0127,-8.0022645942341111,1.0415538193174474,-2.6010237741343238
pmks_positive_0128,-8.0192637875097077,0.99842171549281278,-2.5749810138345164
pmks_positive_0129,-8.0355476869454012,0.95571599835374099,-2.5498598892310338
pmks_positive_0130,-8.051123270300339,0.91342118589313326,-2.5256747066817482
pmks_positive_0131,-8.0659972553848522,0.87152157046947765,-2.5024382567698091
pmks_positive_0132,-8.0801760965046761,0.83000124304584832,-2.4801619361727392
pmks_positive_0133,-8.0936659812925491,0.78884411544783872,-2.4588558635177695
pmks_positive_0134,-8.106472827894919,0.74803394074073515,-2.4385289892215658
pmks_positive_0135,-8.1186022824833195,0.70755433182596639,-2.419189199341667
pmks_positive_0136,-8.1300597170615418,0.66738877835627441,-2.4008434134912644
pmks_positive_0137,-8.140850227541371,0.62752066206794521,-2.3834976768890761
pmks_positive_0138,-8.1509786320613777,0.58793327062715472,-2.3671572466320852
pmks_positive_0139,-8.1604494695247389,0.54860981008588894,-2.3518266722913457
pmks_positive_0140,-8.1692669983337325,0.5095334160411521,-2.3375098709402304
pmks_positive_0141,-8.1774351953000579,0.47068716358930729,-2.3242101967306574
pmks_positive_0142,-8.1849577547116326,0.43205407616540936,-2.3119305051362891
pmks_positive_0143,-8.1918380875380343,0.39361713335544096,-2.300673211982863
pmks_positive_0144,-8.1980793207582057,0.3553592777673093,-2.2904403473847008
pmks_positive_0145,-8.2036842967953909,0.31726342104454425,-2.28123360470356
pmks_positive_0146,-8.2086555730457285,0.27931244910472042,-2.2730543846413744
pmks_positive_0147,-8.2129954214882748,0.24148922668281225,-2.2659038345723346
pmks_positive_0148,-8.2167058283654768,0.20377660125799535,-2.2597828832124498
pmks_positive_0149,-8.2197884939244918,0.16615740644085347,-2.2546922707162453
pmks_positive_0150,-8.2222448322110147,0.12861446489651387,-2.2506325742808788
pmks_positive_0151,-8.2240759709084372,0.091130590877990164,-2.2476042293277478
pmks_positive_0152,-8.2252827512165219,0.053688592442936042,-2.245607546320818
pmks_positive_0153,-8.2258657277648606,0.016271273426112308,-2.244642723269501
pmks_positive_0154,-8.2258251685576909,-0.021138564760821033,-2.2447098539521102
pmks_positive_0155,-8.225161054947753,-0.058558121431087906,-2.2458089318838166
pmks_positive_0156,-8.2238730816380894,-0.096004594955337419,-2.2479398500406749
pmks_positive_0157,-8.221960656711893,-0.13349518105421548,-2.2511023963389509
pmks_positive_0158,-8.2194229016916083,-0.17104707098014676,-2.2552962448565159
pmks_positive_0159,-8.2162586516297722,-0.20867744951714778,-2.2605209427708099
pmks_positive_0160,-8.2124664552352122,-0.24640349272699352,-2.2667758929757968
pmks_positive_0161,-8.2080445750393931,-0.28424236536932496,-2.2740603323285642
pmks_positive_0162,-8.2029909876090166,-0.32221121792236462,-2.2823733054649034
pmks_positive_0163,-8.1973033838121108,-0.3603271831298126,-2.2917136341124245
pmks_positive_0164,-8.19097916914615,-0.39860737199821228,-2.3020798818196457
pmks_positive_0165,-8.1840154641379783,-0.43706886916764576,-2.3134703140102753
pmks_positive_0166,-8.1764091048266891,-0.47572872757702223,-2.325882853263479
pmks_positive_0167,-8.1681566433418169,-0.51460396234352856,-2.3393150297138487
pmks_positive_0168,-8.1592543485906894,-0.5537115437739567,-2.3537639264588339
pmks_positive_0169,-8.1496982070700597,-0.59306838942375306,-2.3692261198569837
pmks_positive_0170,-8.1394839238186023,-0.63269135511762742,-2.3856976145976971
pmks_positive_0171,-8.1286069235283662,-0.67259722484359197,-2.4031737734223739
pmks_positive_0172,-8.1170623518346581,-0.71280269943027696,-2.4216492413782365
pmks_positive_0173,-8.104845076805395,-0.75332438391546241,-2.4411178644899763
pmks_positive_0174,-8.0919496906525659,-0.79417877351185362,-2.4615726027408273
pmks_positive_0175,-8.0783705116899505,-0.83538223807441558,-2.4830054372643238
pmks_positive_0176,-8.0641015865628383,-0.8769510049720769,-2.5054072716608178
pmks_positive_0177,-8.0491366927772567,-0.9189011402652254,-2.5287678273693932
pmks_positive_0178,-8.0334693415576766,-0.9612485280895301,-2.5530755330464783
pmks_positive_0179,-8.0170927810639672,-1.0040088481459353,-2.5783174079273214
pmks_positive_0180,-8.0000000000000178,-1.0471975511965572,-2.6044789391763326
pmks_positive_0181,-7.9821837316480391,-1.0908298324665842,-2.6315439532671645
pmks_positive_0182,-7.9636364583643484,-1.1349206028532912,-2.6594944814738053
pmks_positive_0183,-7.9443504165739061,-1.179484457845021,-2.6883106196003652
pmks_positive_0184,-7.9243176023026489,-1.2245356440555244,-2.7179703821297911
pmks_positive_0185,-7.9035297772880728,-1.2700880232825587,-2.748449551031046
pmks_positive_0186,-7.8819784757100857,-1.3161550340041641,-2.7797215195304186
pmks_positive_0187,-7.8596550115854953,-1.3627496502317493,-2.8117571312260412
pmks_positive_0188,-7.836550486870836,-1.409884337646067,-2.8445245150054341
pmks_positive_0189,-7.8126558003193622,-1.4575710069505947,-2.8779889163142753
pmks_positive_0190,-7.7879616571390704,-1.5058209643867124,-2.9121125254204476
pmks_positive_0191,-7.7624585794994214,-1.5546448593667084,-2.9468543034209396
pmks_positive_0192,-7.7361369179351085,-1.6040526291939485,-2.9821698068499241
pmks_positive_0193,-7.708986863695527,-1.6540534408549079,-3.0180110118641776
pmks_positive_0194,-7.6809984620887937,-1.7046556298849695,-3.0543261391063163
pmks_positive_0195,-7.652161626868903,-1.7558666363293949,-3.0910594804764546
pmks_positive_0196,-7.6224661557141449,-1.8076929378424373,-3.1281512291779121
pmks_positive_0197,-7.5919017468439218,-1.8601399799915213,-3.1655373145414107
pmks_positive_0198,-7.5604580168198456,-1.9132121038596357,-3.203149243273292
pmks_positive_0199,-7.5281245195751216,-1.9669124710677244,-3.2409139489151046
pmks_positive_0200,-7.494890766714053,-2.0212429863697752,-3.2787536514424112
pmks_positive_0201,-7.4607462491205707,-2.0762042180066342,-3.3165857290675587
pmks_positive_0202,-7.4256804599113639,-2.131795316040062,-3.3543226044419416
pmks_positive_0203,-7.3896829187651738,-2.1880139289261633,-3.391871647574952
pmks_positive_0204,-7.3527431976551494,-2.2448561186268909,-3.4291350978963546
pmks_positive_0205,-7.3148509480058745,-2.3023162745995616,-3.4660100079824971
pmks_positive_0206,-7.2759959292906125,-2.360387027046988,-3.5023882115412084
pmks_positive_0207,-7.236168039077624,-2.419059159854525,-3.5381563183011817
pmks_positive_0208,-7.1953573445268937,-2.4783215236846905,-3.5731957384752508
pmks_positive_0209,-7.1535541153304383,-2.5381609497444408,-3.607382739458953
pmks_positive_0210,-7.1107488580803526,-2.5985621647842931,-3.640588537382043
pmks_positive_0211,-7.066932352039129,-2.6595077079314078,-3.6726794260470683
pmks_positive_0212,-7.0220956862763551,-2.7209778500000414,-3.7035169456619084
pmks_positive_0213,-6.9762302981249,-2.7829505159614625,-3.7329580935988931
pmks_positive_0214,-6.9293280128979724,-2.84540121129087,-3.7608555791885321
pmks_positive_0215,-6.881381084796228,-2.9083029529400646,-3.7870581242788686
pmks_positive_0216,-6.8323822389214408,-2.9716262057107934,-3.8114108109601768
pmks_positive_0217,-6.7823247143000893,-3.0353388248238904,-3.8337554774686677
pmks_positive_0218,-6.7312023078068846,-3.0994060054926056,-3.8539311628422914
pmks_positive_0219,-6.6790094188647249,-3.1637902403140554,-3.8717746004084193
pmks_positive_0220,-6.6257410947840114,-3.2284512852895704,-3.8871207596400965
pmks_positive_0221,-6.5713930765908115,-3.2933461352721984,-3.8998034353290549
pmks_positive_0222,-6.5159618451802812,-3.3584290096168181,-3.9096558823958647
pmks_positive_0223,-6.4594446676190396,-3.4236513487749867,-3.9165114939979491
pmks_positive_0224,-6.4018396434082163,-3.488961822531877,-3.9202045199136677
pmks_positive_0225,-6.3431457505076994,-3.5543063505266037,-3.9205708214860211
pmks_positive_0226,-6.2833628909119739,-3.6196281356294531,-3.9174486587144361
pmks_positive_0227,-6.2224919355590567,-3.684867710670285,-3.9106795044007798
pmks_positive_0228,-6.1605347683464764,-3.7499629989220171,-3.9001088796000851
pmks_positive_0229,-6.0974943290223997,-3.8148493886420303,-3.8855872040122881
pmks_positive_0230,-6.0333746547158409,-3.8794598218635632,-3.8669706543933158
pmks_positive_0231,-5.9681809198676614,-3.9437248975096528,-3.8441220235771589
pmks_positive_0232,-5.9019194743239485,-4.0075729887751965,-3.8169115722993272
pmks_positive_0233,-5.8345978793552389,-4.0709303745899899,-3.7852178657097837
pmks_positive_0234,-5.7662249413699325,-4.1337213848381049,-3.748928586272199
pmks_positive_0235,-5.696810743095023,-4.195868558871398,-3.7079413146749949
pmks_positive_0236,-5.6263666720090804,-4.2572928167130364,-3.6621642704392232
pmks_positive_0237,-5.5549054458207223,-4.3179136422123943,-3.6115170040989848
pmks_positive_0238,-5.4824411348009461,-4.3776492772782349,-3.5559310331590339
pmks_positive_0239,-5.4089891807928003,-4.4364169261913551,-3.4953504144972225
pmks_positive_0240,-5.3345664127394974,-4.4941329688803924,-3.4297322464735123
pmks_positive_0241,-5.2591910585916857,-4.5507131819379643,-3.3590470947247679
pmks_positive_0242,-5.182882753475675,-4.6060729660607809,-3.2832793364542718
pmks_positive_0243,-5.1056625440271253,-4.6601275785184075,-3.2024274189535187
pmks_positive_0244,-5.0275528888184224,-4.7127923691926856,-3.1165040291044646
pmks_positive_0245,-4.9485776548327323,-4.7639830186844696,-3.0255361716844167
pmks_positive_0246,-4.868762109962991,-4.8136157769573114,-2.929565155412472
pmks_positive_0247,-4.7881329115397309,-4.8616077009795031,-2.8286464868142005
pmks_positive_0248,-4.7067180909171569,-4.9078768898366594,-2.7228496731173344
pmks_positive_0249,-4.6245470341722044,-4.9523427158165454,-2.6122579365037844
pmks_positive_0250,-4.5416504589958544,-4.9949260500155805,-2.4969678431101046
pmks_positive_0251,-4.4580603878796898,-5.0355494810814418,-2.3770888511695363
pmks_positive_0252,-4.373810117723024,-5.0741375257871519,-2.2527427836053118
pmks_positive_0253,-4.2889341860070376,-5.1106168302275039,-2.1240632312008549
pmks_positive_0254,-4.2034683337014958,-5.1449163605367874,-1.9911948931743777
pmks_positive_0255,-4.1174494650870734,-5.1769675821455241,-1.8542928625627531
pmks_positive_0256,-4.0309156046915993,-5.2067046267212911,-1.7135218642654546
pmks_positive_0257,-3.9439058515517029,-5.2340644460723018,-1.5690554539096888
pmks_positive_0258,-3.8564603310221788,-5.2589869524300514,-1.4210751858722614
pmks_positive_0259,-3.7686201443640073,-5.2814151446668598,-1.2697697588348471
pmks_positive_0260,-3.6804273163481653,-5.3012952201431016,-1.1153341471624492
pmks_positive_0261,-3.5919247411163422,-5.3185766720156273,-0.95796872618837825
pmks_positive_0262,-3.5031561265413451,-5.3332123719710003,-0.797878399173096
pmks_positive_0263,-3.4141659373295301,-5.3451586384734089,-0.63527173329119102
pmks_positive_0264,-3.3249993371051172,-5.3543752907355833,-0.47036011150386514
pmks_positive_0265,-3.2357021297118251,-5.3608256887307491,-0.30335690660822934
pmks_positive_0266,-3.1463206999611337,-5.3644767596633756,-0.13447668313419392
pmks_positive_0267,-3.0569019540487439,-5.3652990114055248,0.036065567900216866
pmks_positive_0268,-2.9674932598517074,-5.3632665334834817,0.20805515704905053
pmks_positive_0269,-2.878142387308376,-5.3583569862655969,0.38127838368386691
pmks_positive_0270,-2.788897449072028,-5.350551579057055,0.55552317948789609
pmks_positive_0271,-2.6998068416168195,-5.3398350378504364,0.73057970594256494
pmks_positive_0272,-2.6109191869620449,-5.3261955635131457,0.90624090420601444
pmks_positive_0273,-2.5222832751673963,-5.3096247812141257,1.0823029964064101
pmks_positive_0274,-2.4339480077384668,-5.2901176819036797,1.2585659379557659
pmks_positive_0275,-2.3459623420681517,-5.2676725566622657,1.4348338210268337
pmks_positive_0276,-2.2583752370260246,-5.2422909247275751,1.6109152298223335
pmks_positive_0277,-2.1712355997944215,-5.2139774559951082,1.7866235486992585
pmks_positive_0278,-2.0845922340368226,-5.1827398887664211,1.9617772245901037
pmks_positive_0279,-1.9984937894715156,-5.1485889434925092,2.1361999854869334
pmks_positive_0280,-1.9129887129112202,-5.1115382332279289,2.3097210170245002
pmks_positive_0281,-1.8281252008178281,-5.071604171475542,2.4821750994164011
pmks_positive_0282,-1.7439511534103218,-5.0288058780626406,2.6534027071664195
pmks_positive_0283,-1.6605141303536328,-4.9831650836478341,2.8232500740984543
pmks_positive_0284,-1.577861308046586,-4.934706033414944,2.9915692263267686
pmks_positive_0285,-1.4960394385181139,-4.8834553904660911,3.1582179858270507
pmks_positive_0286,-1.4150948099328229,-4.8294421393817517,3.3230599472726086
pmks_positive_0287,-1.3350732086995318,-4.772697490371316,3.4859644307726159
pmks_positive_0288,-1.2560198831697029,-4.7132547843941781,3.646806413095149
pmks_positive_0289,-1.1779795089067324,-4.6511493995889399,3.8054664398806972
pmks_positive_0290,-1.1009961555017664,-4.5864186593073306,3.9618305212558678
pmks_positive_0291,-1.0251132549070956,-4.5191017420101769,4.115790013145844
pmks_positive_0292,-0.95037357125421629,-4.4492395932454869,4.267241486461085
pmks_positive_0293,-0.87681917212026583,-4.3768748398935111,4.4160865862021854
pmks_positive_0294,-0.80449140120373031,-4.302051706830734,4.5622318823892938
pmks_positive_0295,-0.73343085236808037,-4.2248159361341466,4.7055887145817747
pmks_positive_0296,-0.66367734501015008,-4.1452147089188971,4.8460730316120753
pmks_positive_0297,-0.5952699007088107,-4.0632965698765267,4.9836052280168763
pmks_positive_0298,-0.52824672110850202,-3.9791113545574448,5.118109978510315
pmks_positive_0299,-0.46264516699169889,-3.892710119420002,5.2495160717096843
pmks_positive_0300,-0.39850173849412585,-3.8041450746494343,5.3777562441946749
pmks_positive_0301,-0.33585205641665716,-3.7134695197329788,5.5027670158577244
pmks_positive_0302,-0.27473084458819308,-3.6207377817624655,5.6244885273862808
pmks_positive_0303,-0.21517191323438567,-3.5260051564226393,5.742864380607883
pmks_positive_0304,-0.1572081433078516,-3.4293278516120895,5.857841482326676
pmks_positive_0305,-0.10087147173654465,-3.3307629336340479,5.9693698921849743
pmks_positive_0306,-0.046192877548017819,-3.2303682758861347,6.0774026749963532
pmks_positive_0307,0.0067976311714375015,-3.1282025099713429,6.1818957579169282
pmks_positive_0308,0.058071029522437811,-3.0243249791471079,6.2828077927491384
pmks_positive_0309,0.10759928728117529,-2.9187956940249005,6.3801000236072127
pmks_positive_0310,0.15535537966787949,-2.811675290429493,6.4737361601151759
pmks_positive_0311,0.20131329743028914,-2.7030249893246254,6.5636822562565129
pmks_positive_0312,0.24544805627575883,-2.5929065587102089,6.6499065949492344
pmks_positive_0313,0.28773570568411344,-2.481382277395304,6.732379578380316
pmks_positive_0314,0.32815333713165984,-2.3685149005508408,6.8110736240995315
pmks_positive_0315,0.36667909175524471,-2.2543676269462964,6.8859630668435106
pmks_positive_0316,0.40329216748365226,-2.1390040677752524,6.9570240660366816
pmks_positive_0317,0.43797282566198348,-2.0224882169757765,7.0242345188956747
pmks_positive_0318,0.47070239719320384,-1.9048844229529922,7.0875739790478844
pmks_positive_0319,0.50146328821946362,-1.7862573616127513,7.1470235805624664
pmks_positive_0320,0.53023898536424419,-1.6666720106171151,7.2025659672829745
pmks_positive_0321,0.55701406055505487,-1.5461936247742529,7.254185227344828
pmks_positive_0322,0.5817741754447745,-1.424887712477344,7.3018668327573018
pmks_positive_0323,0.60450608544849871,-1.3028200131090864,7.3455975839287664
pmks_positive_0324,0.62519764341126205,-1.1800564753304241,7.3853655590150105
pmks_positive_0325,0.64383780292072679,-1.0566632361740953,7.4211600679735064
pmks_positive_0326,0.66041662127759082,-0.93270660086550905,7.4529716112111508
pmks_positive_0327,0.67492526213522552,-0.80825302329529491,7.4807918427191815
pmks_positive_0328,0.68735599781875223,-0.6833690870695639,7.5046135375963949
pmks_positive_0329,0.69770221133262389,-0.55812148706552112,7.5244305638703191
pmks_positive_0330,0.7059583980644959,-0.43257701142146565,7.5402378585354963
pmks_positive_0331,0.71212016719207583,-0.30680252389152501,7.5520314077383146
pmks_positive_0332,0.71618424279845527,-0.1808649464964914,7.5598082310486792
pmks_positive_0333,0.71814846470027049,-0.054831242403093158,7.5635663697704469
pmks_positive_0334,0.71801178899195506,0.07123160103530049,7.5633048792542912
pmks_positive_0335,0.71577428830824452,0.1972565891430493,7.5590238251889348
pmks_positive_0336,0.71143715180592082,0.32317673675784275,7.5507242838590738
pmks_positive_0337,0.70500268486472706,0.44892508510366602,7.5384083463708178
pmks_positive_0338,0.69647430850634251,0.57443471876733265,7.5220791268579248
pmks_positive_0339,0.68585655852904459,0.69963878284512915,7.5017407746945119
pmks_positive_0340,0.67315508435473248,0.82447050032664526,7.477398490752118
pmks_positive_0341,0.65837664758377201,0.94886318978360329,7.449058547750723
pmks_positive_0342,0.6415291202520077,1.0727502834323908,7.4167283147649146
pmks_positive_0343,0.62262148278312424,1.1960653456401618,7.3804162859570983
pmks_positive_0344,0.6016638216284047,1.318742091945605,7.340132113619898
pmks_positive_0345,0.57866732658465736,1.4407144086669601,7.2958866456192748
pmks_positive_0346,0.55364428777996366,1.5619163731714476,7.2476919673382447
pmks_positive_0347,0.52660809231553429,1.6822822748820074,7.1955614482283918
pmks_positive_0348,0.49757322055079989,1.8017466370990713,7.1395097930823166
pmks_positive_0349,0.46655524201744036,1.9202442397170367,7.0795530981446984
pmks_positive_0350,0.43357081094679373,2.0377101429170814,7.0157089121823342
pmks_positive_0351,0.39863766139366774,2.1540797119199748,6.9479963026344809
pmks_positive_0352,0.36177460193817623,2.2692886428845753,6.8764359269634543
pmks_positive_0353,0.32300150994578303,2.3832729900396372,6.8010501093216993
pmks_positive_0354,0.28233932536424433,2.4959691941384885,6.7218629226451192
pmks_positive_0355,0.23981004403465889,2.60731411232784,6.6389002762729206
pmks_positive_0356,0.19543671049227029,2.7172450495236138,6.5521900091815031
pmks_positive_0357,0.1492434102311222,2.8256997913879411,6.4617619889033397
pmks_positive_0358,0.10125526140510743,2.9326166390025667,6.3676482161814123
pmks_positive_0359,0.051498405936312608,3.0379344453344772,6.2698829353847234
pmks_negative_0000,0,0,0
pmks_negative_0001,0.051498405936312608,-3.0379344453344772,6.2698829353847234
pmks_negative_0002,0.10125526140510743,-2.9326166390025667,6.3676482161814123
pmks_negative_0003,0.1492434102311222,-2.8256997913879411,6.4617619889033397
pmks_negative_0004,0.19543671049227029,-2.7172450495236138,6.5521900091815031
pmks_negative_0005,0.23981004403465889,-2.60731411232784,6.6389002762729206
pmks_negative_0006,0.28233932536424433,-2.4959691941384885,6.7218629226451192
pmks_negative_0007,0.32300150994578303,-2.3832729900396372,6.8010501093216993
pmks_negative_0008,0.36177460193817623,-2.2692886428845753,6.8764359269634543
pmks_negative_0009,0.39863766139366774,-2.1540797119199748,6.9479963026344809
pmks_negative_0010,0.43357081094679373,-2.0377101429170814,7.0157089121823342
pmks_negative_0011,0.46655524201744036,-1.9202442397170367,7.0795530981446984
pmks_negative_0012,0.49757322055079989,-1.8017466370990713,7.1395097930823166
pmks_negative_0013,0.52660809231553429,-1.6822822748820074,7.1955614482283918
pmks_negative_0014,0.55364428777996366,-1.5619163731714476,7.2476919673382447
pmks_negative_0015,0.57866732658465736,-1.4407144086669601,7.2958866456192748
pmks_negative_0016,0.6016638216284047,-1.318742091945605,7.340132113619898
pmks_negative_0017,0.62262148278312424,-1.1960653456401618,7.3804162859570983
pmks_negative_0018,0.6415291202520077,-1.0727502834323908,7.4167283147649146
pmks_negative_0019,0.65837664758377201,-0.94886318978360329,7.449058547750723
pmks_negative_0020,0.67315508435473248,-0.82447050032664526,7.477398490752118
pmks_negative_0021,0.68585655852904459,-0.69963878284512915,7.5017407746945119
pmks_negative_0022,0.69647430850634251,-0.57443471876733265,7.5220791268579248
pmks_negative_0023,0.70500268486472706,-0.44892508510366602,7.5384083463708178
pmks_negative_0024,0.71143715180592082,-0.32317673675784275,7.5507242838590738
pmks_negative_0025,0.71577428830824452,-0.1972565891430493,7.5590238251889348
pmks_negative_0026,0.71801178899195506,-0.07123160103530049,7.5633048792542912
pmks_negative_0027,0.71814846470027049,0.054831242403093158,7.5635663697704469
pmks_negative_0028,0.71618424279845527,0.1808649464964914,7.5598082310486792
pmks_negative_0029,0.71212016719207583,0.30680252389152501,7.5520314077383146
pmks_negative_0030,0.7059583980644959,0.43257701142146565,7.5402378585354963
pmks_negative_0031,0.69770221133262389,0.55812148706552112,7.5244305638703191
pmks_negative_0032,0.68735599781875223,0.6833690870695639,7.5046135375963949
pmks_negative_0033,0.67492526213522552,0.80825302329529491,7.4807918427191815
pmks_negative_0034,0.66041662127759082,0.93270660086550905,7.4529716112111508
pmks_negative_0035,0.64383780292072679,1.0566632361740953,7.4211600679735064
pmks_negative_0036,0.62519764341126205,1.1800564753304241,7.3853655590150105
pmks_negative_0037,0.60450608544849871,1.3028200131090864,7.3455975839287664
pmks_negative_0038,0.5817741754447745,1.424887712477344,7.3018668327573018
pmks_negative_0039,0.55701406055505487,1.5461936247742529,7.254185227344828
pmks_negative_0040,0.53023898536424419,1.6666720106171151,7.2025659672829745
pmks_negative_0041,0.50146328821946362,1.7862573616127513,7.1470235805624664
pmks_negative_0042,0.47070239719320384,1.9048844229529922,7.0875739790478844
pmks_negative_0043,0.43797282566198348,2.0224882169757765,7.0242345188956747
pmks_negative_0044,0.40329216748365226,2.1390040677752524,6.9570240660366816
pmks_negative_0045,0.36667909175524471,2.2543676269462964,6.8859630668435106
pmks_negative_0046,0.32815333713165984,2.3685149005508408,6.8110736240995315
pmks_negative_0047,0.28773570568411344,2.481382277395304,6.732379578380316
pmks_negative_0048,0.24544805627575883,2.5929065587102089,6.6499065949492344
pmks_negative_0049,0.20131329743028914,2.7030249893246254,6.5636822562565129
pmks_negative_0050,0.15535537966787949,2.811675290429493,6.4737361601151759
pmks_negative_0051,0.10759928728117529,2.9187956940249005,6.3801000236072127
pmks_negative_0052,0.058071029522437811,3.0243249791471079,6.2828077927491384
pmks_negative_0053,0.0067976311714375015,3.1282025099713429,6.1818957579169282
pmks_negative_0054,-0.046192877548017819,3.2303682758861347,6.0774026749963532
pmks_negative_0055,-0.10087147173654465,3.3307629336340479,5.9693698921849743
pmks_negative_0056,-0.1572081433078516,3.4293278516120895,5.857841482326676
pmks_negative_0057,-0.21517191323438567,3.5260051564226393,5.742864380607883
pmks_negative_0058,-0.27473084458819308,3.6207377817624655,5.6244885273862808
pmks_negative_0059,-0.33585205641665716,3.7134695197329788,5.5027670158577244
pmks_negative_0060,-0.39850173849412585,3.8041450746494343,5.3777562441946749
pmks_negative_0061,-0.46264516699169889,3.892710119420002,5.2495160717096843
pmks_negative_0062,-0.52824672110850202,3.9791113545574448,5.118109978510315
pmks_negative_0063,-0.5952699007088107,4.0632965698765267,4.9836052280168763
pmks_negative_0064,-0.66367734501015008,4.1452147089188971,4.8460730316120753
pmks_negative_0065,-0.73343085236808037,4.2248159361341466,4.7055887145817747
pmks_negative_0066,-0.80449140120373031,4.302051706830734,4.5622318823892938
pmks_negative_0067,-0.87681917212026583,4.3768748398935111,4.4160865862021854
pmks_negative_0068,-0.95037357125421629,4.4492395932454869,4.267241486461085
pmks_negative_0069,-1.0251132549070956,4.5191017420101769,4.115790013145844
pmks_negative_0070,-1.1009961555017664,4.5864186593073306,3.9618305212558678
pmks_negative_0071,-1.1779795089067324,4.6511493995889399,3.8054664398806972
pmks_negative_0072,-1.2560198831697029,4.7132547843941781,3.646806413095149
pmks_negative_0073,-1.3350732086995318,4.772697490371316,3.4859644307726159
pmks_negative_0074,-1.4150948099328229,4.8294421393817517,3.3230599472726086
pmks_negative_0075,-1.4960394385181139,4.8834553904660911,3.1582179858270507
pmks_negative_0076,-1.577861308046586,4.934706033414944,2.9915692263267686
pmks_negative_0077,-1.6605141303536328,4.9831650836478341,2.8232500740984543
pmks_negative_0078,-1.7439511534103218,5.0288058780626406,2.6534027071664195
pmks_negative_0079,-1.8281252008178281,5.071604171475542,2.4821750994164011
pmks_negative_0080,-1.9129887129112202,5.1115382332279289,2.3097210170245002
pmks_negative_0081,-1.9984937894715156,5.1485889434925092,2.1361999854869334
pmks_negative_0082,-2.0845922340368226,5.1827398887664211,1.9617772245901037
pmks_negative_0083,-2.1712355997944215,5.2139774559951082,1.7866235486992585
pmks_negative_0084,-2.2583752370260246,5.2422909247275751,1.6109152298223335
pmks_negative_0085,-2.3459623420681517,5.2676725566622657,1.4348338210268337
pmks_negative_0086,-2.4339480077384668,5.2901176819036797,1.2585659379557659
pmks_negative_0087,-2.5222832751673963,5.3096247812141257,1.0823029964064101
pmks_negative_0088,-2.6109191869620449,5.3261955635131457,0.90624090420601444
pmks_negative_0089,-2.6998068416168195,5.3398350378504364,0.73057970594256494
pmks_negative_0090,-2.788897449072028,5.350551579057055,0.55552317948789609
pmks_negative_0091,-2.878142387308376,5.3583569862655969,0.38127838368386691
pmks_negative_0092,-2.9674932598517074,5.3632665334834817,0.20805515704905053
pmks_negative_0093,-3.0569019540487439,5.3652990114055248,0.036065567900216866
pmks_negative_0094,-3.1463206999611337,5.3644767596633756,-0.13447668313419392
pmks_negative_0095,-3.2357021297118251,5.3608256887307491,-0.30335690660822934
pmks_negative_0096,-3.3249993371051172,5.3543752907355833,-0.47036011150386514
pmks_negative_0097,-3.4141659373295301,5.3451586384734089,-0.63527173329119102
pmks_negative_0098,-3.5031561265413451,5.3332123719710003,-0.797878399173096
pmks_negative_0099,-3.5919247411163422,5.3185766720156273,-0.95796872618837825
pmks_negative_0100,-3.6804273163481653,5.3012952201431016,-1.1153341471624492
pmks_negative_0101,-3.7686201443640073,5.2814151446668598,-1.2697697588348471
pmks_negative_0102,-3.8564603310221788,5.2589869524300514,-1.4210751858722614
pmks_negative_0103,-3.9439058515517029,5.2340644460723018,-1.5690554539096888
pmks_negative_0104,-4.0309156046915993,5.2067046267212911,-1.7135218642654546
pmks_negative_0105,-4.1174494650870734,5.1769675821455241,-1.8542928625627531
pmks_negative_0106,-4.2034683337014958,5.1449163605367874,-1.9911948931743777
pmks_negative_0107,-4.2889341860070376,5.1106168302275039,-2.1240632312008549
pmks_negative_0108,-4.373810117723024,5.0741375257871519,-2.2527427836053118
pmks_negative_0109,-4.4580603878796898,5.0355494810814418,-2.3770888511695363
pmks_negative_0110,-4.5416504589958544,4.9949260500155805,-2.4969678431101046
pmks_negative_0111,-4.6245470341722044,4.9523427158165454,-2.6122579365037844
pmks_negative_0112,-4.7067180909171569,4.9078768898366594,-2.7228496731173344
pmks_negative_0113,-4.7881329115397309,4.8616077009795031,-2.8286464868142005
pmks_negative_0114,-4.868762109962991,4.8136157769573114,-2.929565155412472
pmks_negative_0115,-4.9485776548327323,4.7639830186844696,-3.0255361716844167
pmks_negative_0116,-5.0275528888184224,4.7127923691926856,-3.1165040291044646
pmks_negative_0117,-5.1056625440271253,4.6601275785184075,-3.2024274189535187
pmks_negative_0118,-5.182882753475675,4.6060729660607809,-3.2832793364542718
pmks_negative_0119,-5.2591910585916857,4.5507131819379643,-3.3590470947247679
pmks_negative_0120,-5.3345664127394974,4.4941329688803924,-3.4297322464735123
pmks_negative_0121,-5.4089891807928003,4.4364169261913551,-3.4953504144972225
pmks_negative_0122,-5.4824411348009461,4.3776492772782349,-3.5559310331590339
pmks_negative_0123,-5.5549054458207223,4.3179136422123943,-3.6115170040989848
pmks_negative_0124,-5.6263666720090804,4.2572928167130364,-3.6621642704392232
pmks_negative_0125,-5.696810743095023,4.195868558871398,-3.7079413146749949
pmks_negative_0126,-5.7662249413699325,4.1337213848381049,-3.748928586272199
pmks_negative_0127,-5.8345978793552389,4.0709303745899899,-3.7852178657097837
pmks_negative_0128,-5.9019194743238677,4.0075729887752729,-3.8169115722992908
pmks_negative_0129,-5.9681809198675815,3.9437248975097301,-3.8441220235771287
pmks_negative_0130,-6.0333746547157636,3.8794598218636409,-3.8669706543932936
pmks_negative_0131,-6.0974943290223234,3.8148493886421093,-3.8855872040122699
pmks_negative_0132,-6.1605347683464,3.7499629989220962,-3.9001088796000705
pmks_negative_0133,-6.2224919355589821,3.6848677106703636,-3.9106795044007692
pmks_negative_0134,-6.2833628909119019,3.6196281356295317,-3.9174486587144308
pmks_negative_0135,-6.3431457505076283,3.5543063505266836,-3.9205708214860193
pmks_negative_0136,-6.401839643408147,3.4889618225319552,-3.9202045199136695
pmks_negative_0137,-6.4594446676189703,3.4236513487750657,-3.9165114939979553
pmks_negative_0138,-6.5159618451802128,3.3584290096168972,-3.9096558823958745
pmks_negative_0139,-6.571393076590744,3.2933461352722766,-3.8998034353290674
pmks_negative_0140,-6.6257410947839457,3.2284512852896494,-3.8871207596401138
pmks_negative_0141,-6.6790094188646618,3.1637902403141318,-3.8717746004084392
pmks_negative_0142,-6.7312023078068215,3.0994060054926846,-3.8539311628423136
pmks_negative_0143,-6.7823247143000271,3.035338824823969,-3.8337554774686939
pmks_negative_0144,-6.8323822389213813,2.9716262057108707,-3.8114108109602061
pmks_negative_0145,-6.8813810847961685,2.9083029529401419,-3.7870581242788992
pmks_negative_0146,-6.9293280128979138,2.8454012112909464,-3.7608555791885658
pmks_negative_0147,-6.9762302981248432,2.7829505159615389,-3.7329580935989277
pmks_negative_0148,-7.0220956862762982,2.7209778500001169,-3.7035169456619457
pmks_negative_0149,-7.0669323520390748,2.6595077079314824,-3.6726794260471065
pmks_negative_0150,-7.1107488580803011,2.5985621647843669,-3.6405885373820843
pmks_negative_0151,-7.1535541153303868,2.5381609497445146,-3.6073827394589939
pmks_negative_0152,-7.1953573445268431,2.4783215236847633,-3.5731957384752926
pmks_negative_0153,-7.2361680390775742,2.4190591598545983,-3.5381563183012248
pmks_negative_0154,-7.2759959292905654,2.3603870270470586,-3.5023882115412537
pmks_negative_0155,-7.3148509480058284,2.3023162745996322,-3.4660100079825424
pmks_negative_0156,-7.3527431976551032,2.2448561186269611,-3.4291350978963999
pmks_negative_0157,-7.3896829187651294,2.1880139289262326,-3.3918716475749973
pmks_negative_0158,-7.4256804599113213,2.13179531604013,-3.3543226044419869
pmks_negative_0159,-7.460746249120529,2.0762042180067017,-3.3165857290676053
pmks_negative_0160,-7.494890766714013,2.0212429863698418,-3.2787536514424573
pmks_negative_0161,-7.5281245195750817,1.9669124710677903,-3.2409139489151508
pmks_negative_0162,-7.5604580168198048,1.9132121038597008,-3.2031492432733377
pmks_negative_0163,-7.5919017468438845,1.8601399799915854,-3.1655373145414565
pmks_negative_0164,-7.6224661557141076,1.8076929378425015,-3.1281512291779574
pmks_negative_0165,-7.6521616268688675,1.7558666363294584,-3.0910594804765008
pmks_negative_0166,-7.680998462088759,1.7046556298850317,-3.0543261391063616
pmks_negative_0167,-7.708986863695495,1.6540534408549692,-3.0180110118642216
pmks_negative_0168,-7.7361369179350756,1.6040526291940096,-2.9821698068499671
pmks_negative_0169,-7.7624585794993912,1.5546448593667677,-2.9468543034209826
pmks_negative_0170,-7.7879616571390402,1.5058209643867715,-2.9121125254204907
pmks_negative_0171,-7.8126558003193329,1.4575710069506524,-2.877988916314318
pmks_negative_0172,-7.8365504868708076,1.409884337646125,-2.8445245150054745
pmks_negative_0173,-7.8596550115854669,1.3627496502318062,-2.8117571312260803
pmks_negative_0174,-7.8819784757100599,1.3161550340042212,-2.7797215195304581
pmks_negative_0175,-7.9035297772880471,1.2700880232826144,-2.7484495510310838
pmks_negative_0176,-7.9243176023026241,1.2245356440555799,-2.7179703821298276
pmks_negative_0177,-7.9443504165738821,1.1794844578450761,-2.6883106196004003
pmks_negative_0178,-7.9636364583643484,1.1349206028532912,-2.6594944814738053
pmks_negative_0179,-7.9821837316480391,1.0908298324665842,-2.6315439532671645
pmks_negative_0180,-8.0000000000000178,1.0471975511965572,-2.6044789391763326
pmks_negative_0181,-8.0170927810639672,1.0040088481459353,-2.5783174079273214
pmks_negative_0182,-8.0334693415576766,0.9612485280895301,-2.5530755330464783
pmks_negative_0183,-8.0491366927772567,0.9189011402652254,-2.5287678273693932
pmks_negative_0184,-8.0641015865628383,0.8769510049720769,-2.5054072716608178
pmks_negative_0185,-8.0783705116899505,0.83538223807441558,-2.4830054372643238
pmks_negative_0186,-8.0919496906525659,0.79417877351185362,-2.4615726027408273
pmks_negative_0187,-8.104845076805395,0.75332438391546241,-2.4411178644899763
pmks_negative_0188,-8.1170623518346581,0.71280269943027696,-2.4216492413782365
pmks_negative_0189,-8.1286069235283662,0.67259722484359197,-2.4031737734223739
pmks_negative_0190,-8.1394839238186023,0.63269135511762742,-2.3856976145976971
pmks_negative_0191,-8.1496982070700597,0.59306838942375306,-2.3692261198569837
pmks_negative_0192,-8.1592543485906894,0.5537115437739567,-2.3537639264588339
pmks_negative_0193,-8.1681566433418169,0.51460396234352856,-2.3393150297138487
pmks_negative_0194,-8.1764091048266891,0.47572872757702223,-2.325882853263479
pmks_negative_0195,-8.1840154641379783,0.43706886916764576,-2.3134703140102753
pmks_negative_0196,-8.19097916914615,0.39860737199821228,-2.3020798818196457
pmks_negative_0197,-8.1973033838121108,0.3603271831298126,-2.2917136341124245
pmks_negative_0198,-8.2029909876090166,0.32221121792236462,-2.2823733054649034
pmks_negative_0199,-8.2080445750393931,0.28424236536932496,-2.2740603323285642
pmks_negative_0200,-8.2124664552352122,0.24640349272699352,-2.2667758929757968
pmks_negative_0201,-8.2162586516297722,0.20867744951714778,-2.2605209427708099
pmks_negative_0202,-8.2194229016916083,0.17104707098014676,-2.2552962448565159
pmks_negative_0203,-8.221960656711893,0.13349518105421548,-2.2511023963389509
pmks_negative_0204,-8.2238730816380894,0.096004594955337419,-2.2479398500406749
pmks_negative_0205,-8.225161054947753,0.058558121431087906,-2.2458089318838166
pmks_negative_0206,-8.2258251685576909,0.021138564760821033,-2.2447098539521102
pmks_negative_0207,-8.2258657277648606,-0.016271273426112308,-2.244642723269501
pmks_negative_0208,-8.2252827512165219,-0.053688592442936042,-2.245607546320818
pmks_negative_0209,-8.2240759709084372,-0.091130590877990164,-2.2476042293277478
pmks_negative_0210,-8.2222448322110147,-0.12861446489651387,-2.2506325742808788
pmks_negative_0211,-8.2197884939244918,-0.16615740644085347,-2.2546922707162453
pmks_negative_0212,-8.2167058283654768,-0.20377660125799535,-2.2597828832124498
pmks_negative_0213,-8.2129954214882748,-0.24148922668281225,-2.2659038345723346
pmks_negative_0214,-8.2086555730457285,-0.27931244910472042,-2.2730543846413744
pmks_negative_0215,-8.2036842967953909,-0.31726342104454425,-2.28123360470356
pmks_negative_0216,-8.1980793207582057,-0.3553592777673093,-2.2904403473847008
pmks_negative_0217,-8.1918380875380343,-0.39361713335544096,-2.300673211982863
pmks_negative_0218,-8.1849577547116326,-0.43205407616540936,-2.3119305051362891
pmks_negative_0219,-8.1774351953000579,-0.47068716358930729,-2.3242101967306574
pmks_negative_0220,-8.1692669983337325,-0.5095334160411521,-2.3375098709402304
pmks_negative_0221,-8.1604494695247389,-0.54860981008588894,-2.3518266722913457
pmks_negative_0222,-8.1509786320613777,-0.58793327062715472,-2.3671572466320852
pmks_negative_0223,-8.140850227541371,-0.62752066206794521,-2.3834976768890761
pmks_negative_0224,-8.1300597170615418,-0.66738877835627441,-2.4008434134912644
pmks_negative_0225,-8.1186022824833195,-0.70755433182596639,-2.419189199341667
pmks_negative_0226,-8.106472827894919,-0.74803394074073515,-2.4385289892215658
pmks_negative_0227,-8.0936659812925491,-0.78884411544783872,-2.4588558635177695
pmks_negative_0228,-8.0801760965046761,-0.83000124304584832,-2.4801619361727392
pmks_negative_0229,-8.0659972553848522,-0.87152157046947765,-2.5024382567698091
pmks_negative_0230,-8.051123270300339,-0.91342118589313326,-2.5256747066817482
pmks_negative_0231,-8.0355476869454012,-0.95571599835374099,-2.5498598892310338
pmks_negative_0232,-8.0192637875097077,-0.99842171549281278,-2.5749810138345164
pmks_negative_0233,-8.0022645942341111,-1.0415538193174474,-2.6010237741343238
pmks_negative_0234,-7.9845428733875856,-1.0851275398802869,-2.627972220150979
pmks_negative_0235,-7.9660911397008736,-1.1291578267793752,-2.6558086245345183
pmks_negative_0236,-7.9469016612939871,-1.1736593183804909,-2.6845133430348009
pmks_negative_0237,-7.9269664651362923,-1.2186463086669814,-2.7140646693641255
pmks_negative_0238,-7.9062773430795295,-1.2641327116254588,-2.7444386846835274
pmks_negative_0239,-7.8848258585055326,-1.3101320230801596,-2.7756091020094664
pmks_negative_0240,-7.862603353631874,-1.3566572798942556,-2.8075471059099684
pmks_negative_0241,-7.8396009575199717,-1.4037210164632319,-2.8402211879391541
pmks_negative_0242,-7.815809594831328,-1.4513352184336608,-2.8735969783463853
pmks_negative_0243,-7.7912199953786478,-1.4995112735904028,-2.9076370746912223
pmks_negative_0244,-7.7658227045194295,-1.5482599198666049,-2.9423008680978371
pmks_negative_0245,-7.7396080944402676,-1.5975911904440727,-2.9775443679924285
pmks_negative_0246,-7.7125663763805292,-1.6475143559265224,-3.0133200262840658
pmks_negative_0247,-7.6846876138442086,-1.6980378635853264,-3.0495765620729292
pmks_negative_0248,-7.6559617368486554,-1.7491692736964501,-3.0862587880993182
pmks_negative_0249,-7.6263785572582972,-1.800915193008656,-3.1233074402812582
pmks_negative_0250,-7.5959277852507405,-1.8532812054066128,-3.1606590118269082
pmks_negative_0251,-7.564599046961245,-1.9062717998585474,-3.1982455935488723
pmks_negative_0252,-7.5323819033498882,-1.9598902957663364,-3.2359947221493472
pmks_negative_0253,-7.4992658703335602,-2.0141387658665995,-3.2738292383858205
pmks_negative_0254,-7.4652404402220842,-2.0690179568643563,-3.3116671571645511
pmks_negative_0255,-7.4302951044945456,-2.1245272080160107,-3.3494215517407766
pmks_negative_0256,-7.3944193779479059,-2.180664367915802,-3.3870004543276613
pmks_negative_0257,-7.3576028242454861,-2.2374257097791683,-3.4243067755272611
pmks_negative_0258,-7.3198350828876118,-2.2948058455575069,-3.4612382450927428
pmks_negative_0259,-7.2811058976208365,-2.3527976392613166,-3.4976873766082912
pmks_negative_0260,-7.2414051462954898,-2.4113921199122941,-3.5335414587272993
pmks_negative_0261,-7.2007228721739072,-2.4705783945892508,-3.5686825756369025
pmks_negative_0262,-7.1590493166836229,-2.5303435620771619,-3.6029876594132126
pmks_negative_0263,-7.1163749536008831,-2.5906726276728573,-3.6363285768927813
pmks_negative_0264,-7.0726905246403406,-2.6515484197439418,-3.6685722536076608
pmks_negative_0265,-7.0279870764163945,-2.71295150867914,-3.699580837210116
pmks_negative_0266,-6.9822559987307624,-2.7748601289072679,-3.729211902645051
pmks_negative_0267,-6.9354890641292384,-2.8372501046979992,-3.7573187011103366
pmks_negative_0268,-6.8876784686584323,-2.9000947804893569,-3.7837504545751313
pmks_negative_0269,-6.8388168737406492,-2.9633649565137965,-3.8083526973021264
pmks_negative_0270,-6.7888974490720262,-3.0270288305157198,-3.8309676654406912
pmks_negative_0271,-6.7379139164356721,-3.0910519463675215,-3.8514347353243572
pmks_negative_0272,-6.68586059430808,-3.1553971503978397,-3.8695909106195479
pmks_negative_0273,-6.632732443123488,-3.2200245562437386,-3.8852713579355012
pmks_negative_0274,-6.5785251110474272,-3.2848915190272292,-3.898309989922577
pmks_negative_0275,-6.5232349800975395,-3.3499526196351956,-3.9085400942629582
pmks_negative_0276,-6.4668592124369813,-3.4151596598497691,-3.9157950063017872
pmks_negative_0277,-6.4093957966536363,-3.480461669033009,-3.9199088223866729
pmks_negative_0278,-6.3508435938271024,-3.5458049230151123,-3.9207171502898071
pmks_negative_0279,-6.2912023831750439,-3.611132975769157,-3.9180578923911051
pmks_negative_0280,-6.2304729070615519,-3.6763867043775993,-3.9117720566161429
pmks_negative_0281,-6.1686569151423027,-3.7415043677067912,-3.9017045894625855
pmks_negative_0282,-6.1057572074153246,-3.8064216791060943,-3.88770522482851
pmks_negative_0283,-6.0417776759417228,-3.8710718933385899,-3.8696293417898007
pmks_negative_0284,-5.9767233449982413,-3.9353859078319249,-3.8473388239770205
pmks_negative_0285,-5.9106004094231768,-3.9992923782117735,-3.8207029127890935
pmks_negative_0286,-5.8434162709187749,-4.062717847948238,-3.7895990463651561
pmks_negative_0287,-5.7751795720772838,-4.1255868918089904,-3.7539136760294749
pmks_negative_0288,-5.7059002279040572,-4.1878222726739649,-3.7135430518375632
pmks_negative_0289,-5.6355894546197014,-4.2493451111270666,-3.6683939688926275
pmks_negative_0290,-5.5642597955341353,-4.3100750671027397,-3.618384466276019
pmks_negative_0291,-5.4919251437986052,-4.3699305327317424,-3.5634444707457029
pmks_negative_0292,-5.4186007618570073,-4.4288288354031975,-3.5035163778025735
pmks_negative_0293,-5.3443032974352995,-4.4866864499413177,-3.4385555633020286
pmks_negative_0294,-5.2690507959269901,-4.5434192186871432,-3.368530819489866
pmks_negative_0295,-5.192862709053732,-4.5989425781803117,-3.293424710157741
pmks_negative_0296,-5.1157598997024678,-4.6531717910549215,-3.21323384052981
pmks_negative_0297,-5.0377646428642189,-4.7060221816986818,-3.1279690384932799
pmks_negative_0298,-4.9589006226242525,-4.7574093741768975,-3.0376554448524313
pmks_negative_0299,-4.8791929251785691,-4.8072495308933769,-2.9423325113981207
pmks_negative_0300,-4.7986680278772482,-4.8554595904496649,-2.8420539067209445
pmks_negative_0301,-4.7173537843208129,-4.9019575031723059,-2.7368873308339903
pmks_negative_0302,-4.6352794055610076,-4.9466624628049836,-2.6269142407878214
pmks_negative_0303,-4.5524754374821983,-4.9894951329077157,-2.512229490534331
pmks_negative_0304,-4.4689737344632698,-5.0303778665681707,-2.3929408893067992
pmks_negative_0305,-4.3848074294426178,-5.0692349181090908,-2.269168683711936
pmks_negative_0306,-4.3000109005299327,-5.1059926455695059,-2.1410449695595992
pmks_negative_0307,-4.2146197343280205,-5.1405797028439615,-2.0087130401732138
pmks_negative_0308,-4.1286706861454849,-5.1729272204815295,-1.8723266785179964
pmks_negative_0309,-4.0422016372967633,-5.2029689742726832,-1.7320494009473741
pmks_negative_0310,-3.9552515496993568,-5.2306415408850233,-1.5880536606960347
pmks_negative_0311,-3.8678604179893483,-5.2558844399461808,-1.4405200194401551
pmks_negative_0312,-3.7800692193851066,-5.2786402621114581,-1.2896362953034175
pmks_negative_0313,-3.6919198615356734,-5.298854782793101,-1.1355966956169721
pmks_negative_0314,-3.6034551285945238,-5.3164770613650623,-0.97860094254987384
pmks_negative_0315,-3.514718625761434,-5.3314595257900379,-0.81885339942430302
pmks_negative_0316,-3.4257547225349239,-5.3437580427426221,-0.65656220512856778
pmks_negative_0317,-3.3366084949155965,-5.353331973421926,-0.49193842355416084
pmks_negative_0318,-3.2473256667964865,-5.3601442153580203,-0.32519521442523036
pmks_negative_0319,-3.1579525507705934,-5.3641612306175261,-0.15654703127448988
pmks_negative_0320,-3.0685359885782741,-5.3653530609042281,0.013791148335986936
pmks_negative_0321,-2.9791232914082393,-5.3636933301299194,0.18560455593303038
pmks_negative_0322,-2.8897621802556746,-5.3591592350983976,0.35867932486878873
pmks_negative_0323,-2.8005007265298758,-5.3517315250018971,0.53280313964901094
pmks_negative_0324,-2.7113872930916916,-5.341394470473845,0.70776583950952654
pmks_negative_0325,-2.6224704758884165,-5.3281358229754225,0.88335997455687698
pmks_negative_0326,-2.5337990463405653,-5.3119467653161454,1.0593813134169952
pmks_negative_0327,-2.4454218946215587,-5.2928218541214029,1.2356293019242468
pmks_negative_0328,-2.3573879739577102,-5.270758955062985,1.4119074729263805
pmks_negative_0329,-2.2697462460623932,-5.2457591716632628,1.5880238077742386
pmks_negative_0330,-2.1825456278047923,-5.2178267684704567,1.7637910505056813
pmks_negative_0331,-2.095834939200568,-5.1869690893822584,1.9390269761193211
pmks_negative_0332,-2.0096628527989928,-5.1531964718690286,2.1135546146649293
pmks_negative_0333,-1.9240778445288207,-5.1165221578165907,2.2872024331545484
pmks_negative_0334,-1.8391281460535396,-5.0769622016733473,2.459804477522864
pmks_negative_0335,-1.7548616986754286,-5.0345353765477041,2.6312004770397706
pmks_negative_0336,-1.6713261088174995,-4.9892630788606898,2.8012359137053648
pmks_negative_0337,-1.5885686051027044,-4.9411692321156906,2.9697620592411287
pmks_negative_0338,-1.5066359970406715,-4.8902801903032627,3.1366359823348757
pmks_negative_0339,-1.4255746353241179,-4.8366246414145566,3.3017205288051308
pmks_negative_0340,-1.3454303737294246,-4.780233511492626,3.464884277327033
pmks_negative_0341,-1.2662485326091772,-4.7211398696072546,3.6260014733109034
pmks_negative_0342,-1.1880738639583708,-4.6593788340963345,3.7849519434503653
pmks_negative_0343,-1.1109505180305526,-4.5949874803756208,3.9416209933631658
pmks_negative_0344,-1.0349220114755564,-4.5280047505792229,4.0958992906384069
pmks_negative_0345,-0.96003119696640837,-4.4584713652556118,4.2476827354823206
pmks_negative_0346,-0.88632023427946294,-4.3864297373084558,4.3968723210239409
pmks_negative_0347,-0.81383056278907695,-4.3119238883384181,4.5433739852052293
pmks_negative_0348,-0.74260287533567215,-4.2349993675110875,4.6870984560397435
pmks_negative_0349,-0.6726770934242623,-4.155703173047673,4.8279610918822407
pmks_negative_0350,-0.6040923437091017,-4.074083676408959,4.9658817182105093
pmks_negative_0351,-0.53688693571915991,-3.9901905492190304,5.1007844622820038
pmks_negative_0352,-0.47109834077851076,-3.9040746929538499,5.2325975868929335
pmks_negative_0353,-0.40676317207548607,-3.8157881714002624,5.3612533243373397
pmks_negative_0354,-0.34391716583449039,-3.7253841458738508,5.4866877115394779
pmks_negative_0355,-0.2825951635447197,-3.632916813168781,5.60884042721508
pmks_negative_0356,-0.22283109520053479,-3.5384413461994839,5.7276546318063035
pmks_negative_0357,-0.16465796350907169,-3.4420138372824303,5.8430768108318478
pmks_negative_0358,-0.10810782902156646,-3.3436912439964468,5.9550566221978078
pmks_negative_0359,-0.053211796146026558,-3.2435313375516035,6.0635467479266421
