matlab_sample_id,matlab_sweep_id,matlab_sweep_index,input_angle_rad,input_direction,jacobian_condition,eligibility,pmks_sample_id,status,reason
matlab_0000,matlab_sweep_00,0,2.0335712711697056,1,2.0413869742066511,eligible,pmks_positive_0000,matched,
matlab_0001,matlab_sweep_00,1,2.0510245636896487,1,2.0487625982122504,eligible,pmks_positive_0001,matched,
matlab_0002,matlab_sweep_00,2,2.0684778562095918,1,2.056353608839308,eligible,pmks_positive_0002,matched,
matlab_0003,matlab_sweep_00,3,2.0859311487295349,1,2.0641537240600227,eligible,pmks_positive_0003,matched,
matlab_0004,matlab_sweep_00,4,2.103384441249478,1,2.0721564146083327,eligible,pmks_positive_0004,matched,
matlab_0005,matlab_sweep_00,5,2.1208377337694211,1,2.0803548996408785,eligible,pmks_positive_0005,matched,
matlab_0006,matlab_sweep_00,6,2.1382910262893642,1,2.0887421421939769,eligible,pmks_positive_0006,matched,
matlab_0007,matlab_sweep_00,7,2.1557443188093073,1,2.0973108444794848,eligible,pmks_positive_0007,matched,
matlab_0008,matlab_sweep_00,8,2.1731976113292504,1,2.10605344306884,eligible,pmks_positive_0008,matched,
matlab_0009,matlab_sweep_00,9,2.1906509038491935,1,2.1149621040206226,eligible,pmks_positive_0009,matched,
matlab_0010,matlab_sweep_00,10,2.2081041963691366,1,2.1240287180132933,eligible,pmks_positive_0010,matched,
matlab_0011,matlab_sweep_00,11,2.2255574888890797,1,2.1332448955509093,eligible,pmks_positive_0011,matched,
matlab_0012,matlab_sweep_00,12,2.2430107814090228,1,2.1426019623156458,eligible,pmks_positive_0012,matched,
matlab_0013,matlab_sweep_00,13,2.2604640739289659,1,2.152090954746996,eligible,pmks_positive_0013,matched,
matlab_0014,matlab_sweep_00,14,2.277917366448909,1,2.1617026159331676,eligible,pmks_positive_0014,matched,
matlab_0015,matlab_sweep_00,15,2.2953706589688521,1,2.1714273919058589,eligible,pmks_positive_0015,matched,
matlab_0016,matlab_sweep_00,16,2.3128239514887952,1,2.1812554284347567,eligible,pmks_positive_0016,matched,
matlab_0017,matlab_sweep_00,17,2.3302772440087383,1,2.1911765684230842,eligible,pmks_positive_0017,matched,
matlab_0018,matlab_sweep_00,18,2.3477305365286814,1,2.2011803500099396,eligible,pmks_positive_0018,matched,
matlab_0019,matlab_sweep_00,19,2.3651838290486245,1,2.211256005489203,eligible,pmks_positive_0019,matched,
matlab_0020,matlab_sweep_00,20,2.3826371215685676,1,2.2213924611581426,eligible,pmks_positive_0020,matched,
matlab_0021,matlab_sweep_00,21,2.4000904140885106,1,2.2315783382115448,eligible,pmks_positive_0021,matched,
matlab_0022,matlab_sweep_00,22,2.4175437066084537,1,2.2418019547991292,eligible,pmks_positive_0022,matched,
matlab_0023,matlab_sweep_00,23,2.4349969991283968,1,2.2520513293649946,eligible,pmks_positive_0023,matched,
matlab_0024,matlab_sweep_00,24,2.4524502916483399,1,2.2623141853878628,eligible,pmks_positive_0024,matched,
matlab_0025,matlab_sweep_00,25,2.469903584168283,1,2.2725779576397631,eligible,pmks_positive_0025,matched,
matlab_0026,matlab_sweep_00,26,2.4873568766882261,1,2.2828298000784231,eligible,pmks_positive_0026,matched,
matlab_0027,matlab_sweep_00,27,2.5048101692081692,1,2.293056595484948,eligible,pmks_positive_0027,matched,
matlab_0028,matlab_sweep_00,28,2.5222634617281123,1,2.303244966953141,eligible,pmks_positive_0028,matched,
matlab_0029,matlab_sweep_00,29,2.5397167542480554,1,2.3133812913300913,eligible,pmks_positive_0029,matched,
matlab_0030,matlab_sweep_00,30,2.5571700467679985,1,2.3234517146992055,eligible,pmks_positive_0030,matched,
matlab_0031,matlab_sweep_00,31,2.5746233392879416,1,2.3334421699866827,eligible,pmks_positive_0031,matched,
matlab_0032,matlab_sweep_00,32,2.5920766318078847,1,2.3433383967604313,eligible,pmks_positive_0032,matched,
matlab_0033,matlab_sweep_00,33,2.6095299243278278,1,2.3531259632765784,eligible,pmks_positive_0033,matched,
matlab_0034,matlab_sweep_00,34,2.6269832168477709,1,2.3627902908129594,eligible,pmks_positive_0034,matched,
matlab_0035,matlab_sweep_00,35,2.644436509367714,1,2.372316680311402,eligible,pmks_positive_0035,matched,
matlab_0036,matlab_sweep_00,36,2.6618898018876571,1,2.3816903413311832,eligible,pmks_positive_0036,matched,
matlab_0037,matlab_sweep_00,37,2.6793430944076002,1,2.3908964232948979,eligible,pmks_positive_0037,matched,
matlab_0038,matlab_sweep_00,38,2.6967963869275433,1,2.3999200489851513,eligible,pmks_positive_0038,matched,
matlab_0039,matlab_sweep_00,39,2.7142496794474864,1,2.40874635022637,eligible,pmks_positive_0039,matched,
matlab_0040,matlab_sweep_00,40,2.7317029719674295,1,2.4173605056604379,eligible,pmks_positive_0040,matched,
matlab_0041,matlab_sweep_00,41,2.7491562644873726,1,2.4257477804985701,eligible,pmks_positive_0041,matched,
matlab_0042,matlab_sweep_00,42,2.7666095570073157,1,2.4338935681046046,eligible,pmks_positive_0042,matched,
matlab_0043,matlab_sweep_00,43,2.7840628495272588,1,2.4417834332375055,eligible,pmks_positive_0043,matched,
matlab_0044,matlab_sweep_00,44,2.8015161420472019,1,2.4494031567534988,eligible,pmks_positive_0044,matched,
matlab_0045,matlab_sweep_00,45,2.818969434567145,1,2.4567387815412358,eligible,pmks_positive_0045,matched,
matlab_0046,matlab_sweep_00,46,2.8364227270870881,1,2.4637766594375448,eligible,pmks_positive_0046,matched,
matlab_0047,matlab_sweep_00,47,2.8538760196070312,1,2.4705034988465768,eligible,pmks_positive_0047,matched,
matlab_0048,matlab_sweep_00,48,2.8713293121269743,1,2.4769064127625549,eligible,pmks_positive_0048,matched,
matlab_0049,matlab_sweep_00,49,2.8887826046469174,1,2.4829729668759537,eligible,pmks_positive_0049,matched,
matlab_0050,matlab_sweep_00,50,2.9062358971668605,1,2.4886912274254751,eligible,pmks_positive_0050,matched,
matlab_0051,matlab_sweep_00,51,2.9236891896868036,1,2.4940498084440623,eligible,pmks_positive_0051,matched,
matlab_0052,matlab_sweep_00,52,2.9411424822067467,1,2.499037918036775,eligible,pmks_positive_0052,matched,
matlab_0053,matlab_sweep_00,53,2.9585957747266898,1,2.5036454033220799,eligible,pmks_positive_0053,matched,
matlab_0054,matlab_sweep_00,54,2.9760490672466329,1,2.5078627936663911,eligible,pmks_positive_0054,matched,
matlab_0055,matlab_sweep_00,55,2.993502359766576,1,2.511681341844469,eligible,pmks_positive_0055,matched,
matlab_0056,matlab_sweep_00,56,3.0109556522865191,1,2.5150930627662604,eligible,pmks_positive_0056,matched,
matlab_0057,matlab_sweep_00,57,3.0284089448064622,1,2.5180907694233996,eligible,pmks_positive_0057,matched,
matlab_0058,matlab_sweep_00,58,3.0458622373264053,1,2.5206681057263931,eligible,pmks_positive_0058,matched,
matlab_0059,matlab_sweep_00,59,3.0633155298463484,1,2.5228195759261003,eligible,pmks_positive_0059,matched,
matlab_0060,matlab_sweep_00,60,3.0807688223662915,1,2.5245405703402803,eligible,pmks_positive_0060,matched,
matlab_0061,matlab_sweep_00,61,3.0982221148862346,1,2.5258273871375376,eligible,pmks_positive_0061,matched,
matlab_0062,matlab_sweep_00,62,3.1156754074061777,1,2.526677249966395,eligible,pmks_positive_0062,matched,
matlab_0063,matlab_sweep_00,63,3.1331286999261208,1,2.5270883212560196,eligible,pmks_positive_0063,matched,
matlab_0064,matlab_sweep_00,64,3.1505819924460634,1,2.5270597110567241,eligible,pmks_positive_0064,matched,
matlab_0065,matlab_sweep_00,65,3.1680352849660065,1,2.5265914813321504,eligible,pmks_positive_0065,matched,
matlab_0066,matlab_sweep_00,66,3.1854885774859496,1,2.5256846456601871,eligible,pmks_positive_0066,matched,
matlab_0067,matlab_sweep_00,67,3.2029418700058927,1,2.5243411643456461,eligible,pmks_positive_0067,matched,
matlab_0068,matlab_sweep_00,68,3.2203951625258358,1,2.5225639349935474,eligible,pmks_positive_0068,matched,
matlab_0069,matlab_sweep_00,69,3.2378484550457789,1,2.520356778636871,eligible,pmks_positive_0069,matched,
matlab_0070,matlab_sweep_00,70,3.255301747565722,1,2.5177244215562755,eligible,pmks_positive_0070,matched,
matlab_0071,matlab_sweep_00,71,3.2727550400856655,1,2.5146724729703895,eligible,pmks_positive_0071,matched,
matlab_0072,matlab_sweep_00,72,3.2902083326056086,1,2.5112073988138248,eligible,pmks_positive_0072,matched,
matlab_0073,matlab_sweep_00,73,3.3076616251255517,1,2.5073364918548822,eligible,pmks_positive_0073,matched,
matlab_0074,matlab_sweep_00,74,3.3251149176454948,1,2.5030678384359595,eligible,pmks_positive_0074,matched,
matlab_0075,matlab_sweep_00,75,3.3425682101654375,1,2.4984102821462901,eligible,pmks_positive_0075,matched,
matlab_0076,matlab_sweep_00,76,3.360021502685381,1,2.4933733847585446,eligible,pmks_positive_0076,matched,
matlab_0077,matlab_sweep_00,77,3.3774747952053241,1,2.4879673847780208,eligible,pmks_positive_0077,matched,
matlab_0078,matlab_sweep_00,78,3.3949280877252672,1,2.4822031539651483,eligible,pmks_positive_0078,matched,
matlab_0079,matlab_sweep_00,79,3.4123813802452103,1,2.4760921521993695,eligible,pmks_positive_0079,matched,
matlab_0080,matlab_sweep_00,80,3.4298346727651534,1,2.4696463810545199,eligible,pmks_positive_0080,matched,
matlab_0081,matlab_sweep_00,81,3.4472879652850961,1,2.4628783364536906,eligible,pmks_positive_0081,matched,
matlab_0082,matlab_sweep_00,82,3.4647412578050396,1,2.4558009607645195,eligible,pmks_positive_0082,matched,
matlab_0083,matlab_sweep_00,83,3.4821945503249827,1,2.4484275946851164,eligible,pmks_positive_0083,matched,
matlab_0084,matlab_sweep_00,84,3.4996478428449254,1,2.4407719292561039,eligible,pmks_positive_0084,matched,
matlab_0085,matlab_sweep_00,85,3.5171011353648689,1,2.4328479583164886,eligible,pmks_positive_0085,matched,
matlab_0086,matlab_sweep_00,86,3.534554427884812,1,2.4246699317003033,eligible,pmks_positive_0086,matched,
matlab_0087,matlab_sweep_00,87,3.5520077204047551,1,2.4162523094481227,eligible,pmks_positive_0087,matched,
matlab_0088,matlab_sweep_00,88,3.5694610129246982,1,2.407609717282571,eligible,pmks_positive_0088,matched,
matlab_0089,matlab_sweep_00,89,3.5869143054446413,1,2.3987569035709764,eligible,pmks_positive_0089,matched,
matlab_0090,matlab_sweep_00,90,3.6043675979645839,1,2.3897086979711881,eligible,pmks_positive_0090,matched,
matlab_0091,matlab_sweep_00,91,3.621820890484527,1,2.3804799719292133,eligible,pmks_positive_0091,matched,
matlab_0092,matlab_sweep_00,92,3.6392741830044701,1,2.371085601169896,eligible,pmks_positive_0092,matched,
matlab_0093,matlab_sweep_00,93,3.6567274755244137,1,2.3615404302947915,eligible,pmks_positive_0093,matched,
matlab_0094,matlab_sweep_00,94,3.6741807680443563,1,2.351859239575127,eligible,pmks_positive_0094,matched,
matlab_0095,matlab_sweep_00,95,3.6916340605642999,1,2.3420567140023136,eligible,pmks_positive_0095,matched,
matlab_0096,matlab_sweep_00,96,3.709087353084243,1,2.3321474146346022,eligible,pmks_positive_0096,matched,
matlab_0097,matlab_sweep_00,97,3.7265406456041861,1,2.3221457522557332,eligible,pmks_positive_0097,matched,
matlab_0098,matlab_sweep_00,98,3.7439939381241287,1,2.312065963340618,eligible,pmks_positive_0098,matched,
matlab_0099,matlab_sweep_00,99,3.7614472306440723,1,2.3019220883038334,eligible,pmks_positive_0099,matched,
matlab_0100,matlab_sweep_00,100,3.7789005231640154,1,2.2917279519893801,eligible,pmks_positive_0100,matched,
matlab_0101,matlab_sweep_00,101,3.796353815683958,1,2.2814971463446545,eligible,pmks_positive_0101,matched,
matlab_0102,matlab_sweep_00,102,3.8138071082039011,1,2.2712430152079519,eligible,pmks_positive_0102,matched,
matlab_0103,matlab_sweep_00,103,3.8312604007238447,1,2.2609786411271133,eligible,pmks_positive_0103,matched,
matlab_0104,matlab_sweep_00,104,3.8487136932437878,1,2.2507168341168939,eligible,pmks_positive_0104,matched,
matlab_0105,matlab_sweep_00,105,3.8661669857637309,1,2.2404701222545054,eligible,pmks_positive_0105,matched,
matlab_0106,matlab_sweep_00,106,3.883620278283674,1,2.2302507440061685,eligible,pmks_positive_0106,matched,
matlab_0107,matlab_sweep_00,107,3.9010735708036171,1,2.2200706421725789,eligible,pmks_positive_0107,matched,
matlab_0108,matlab_sweep_00,108,3.9185268633235601,1,2.2099414593376001,eligible,pmks_positive_0108,matched,
matlab_0109,matlab_sweep_00,109,3.9359801558435028,1,2.1998745347023418,eligible,pmks_positive_0109,matched,
matlab_0110,matlab_sweep_00,110,3.9534334483634459,1,2.1898809021857946,eligible,pmks_positive_0110,matched,
matlab_0111,matlab_sweep_00,111,3.970886740883389,1,2.1799712896733672,eligible,pmks_positive_0111,matched,
matlab_0112,matlab_sweep_00,112,3.9883400334033325,1,2.1701561192957355,eligible,pmks_positive_0112,matched,
matlab_0113,matlab_sweep_00,113,4.0057933259232756,1,2.1604455086225065,eligible,pmks_positive_0113,matched,
matlab_0114,matlab_sweep_00,114,4.0232466184432187,1,2.1508492726579709,eligible,pmks_positive_0114,matched,
matlab_0115,matlab_sweep_00,115,4.0406999109631609,1,2.1413769265296438,eligible,pmks_positive_0115,matched,
matlab_0116,matlab_sweep_00,116,4.0581532034831049,1,2.1320376887644161,eligible,pmks_positive_0116,matched,
matlab_0117,matlab_sweep_00,117,4.075606496003048,1,2.1228404850516065,eligible,pmks_positive_0117,matched,
matlab_0118,matlab_sweep_00,118,4.0930597885229911,1,2.1137939523972133,eligible,pmks_positive_0118,matched,
matlab_0119,matlab_sweep_00,119,4.1105130810429342,1,2.1049064435789426,eligible,pmks_positive_0119,matched,
matlab_0120,matlab_sweep_00,120,4.1279663735628773,1,2.0961860318171679,eligible,pmks_positive_0120,matched,
matlab_0121,matlab_sweep_00,121,4.1454196660828195,1,2.08764051558276,eligible,pmks_positive_0121,matched,
matlab_0122,matlab_sweep_00,122,4.1628729586027635,1,2.0792774234687323,eligible,pmks_positive_0122,matched,
matlab_0123,matlab_sweep_00,123,4.1803262511227066,1,2.0711040190586827,eligible,pmks_positive_0123,matched,
matlab_0124,matlab_sweep_00,124,4.1977795436426497,1,2.0631273057312174,eligible,pmks_positive_0124,matched,
matlab_0125,matlab_sweep_00,125,4.2152328361625919,1,2.0553540313457588,eligible,pmks_positive_0125,matched,
matlab_0126,matlab_sweep_00,126,4.2326861286825359,1,2.0477906927613434,eligible,pmks_positive_0126,matched,
matlab_0127,matlab_sweep_00,127,4.250139421202479,1,2.0404435401462804,eligible,pmks_positive_0127,matched,
matlab_0128,matlab_sweep_00,128,4.2675927137224221,1,2.0333185810426171,eligible,pmks_positive_0128,matched,
matlab_0129,matlab_sweep_00,129,4.2850460062423643,1,2.026421584155552,eligible,pmks_positive_0129,matched,
matlab_0130,matlab_sweep_00,130,4.3024992987623083,1,2.0197580828438322,eligible,pmks_positive_0130,matched,
matlab_0131,matlab_sweep_00,131,4.3199525912822505,1,2.0133333782930825,eligible,pmks_positive_0131,matched,
matlab_0132,matlab_sweep_00,132,4.3374058838021945,1,2.0071525423596439,eligible,pmks_positive_0132,matched,
matlab_0133,matlab_sweep_00,133,4.3548591763221376,1,2.0012204200780692,eligible,pmks_positive_0133,matched,
matlab_0134,matlab_sweep_00,134,4.3723124688420807,1,1.9955416318306196,eligible,pmks_positive_0134,matched,
matlab_0135,matlab_sweep_00,135,4.3897657613620238,1,1.9901205751821474,eligible,pmks_positive_0135,matched,
matlab_0136,matlab_sweep_00,136,4.4072190538819669,1,1.9849614263884883,eligible,pmks_positive_0136,matched,
matlab_0137,matlab_sweep_00,137,4.42467234640191,1,1.980068141590803,eligible,pmks_positive_0137,matched,
matlab_0138,matlab_sweep_00,138,4.4421256389218531,1,1.9754444577123842,eligible,pmks_positive_0138,matched,
matlab_0139,matlab_sweep_00,139,4.4595789314417962,1,1.9710938930780144,eligible,pmks_positive_0139,matched,
matlab_0140,matlab_sweep_00,140,4.4770322239617393,1,1.9670197477791469,eligible,pmks_positive_0140,matched,
matlab_0141,matlab_sweep_00,141,4.4944855164816815,1,1.9632251038108333,eligible,pmks_positive_0141,matched,
matlab_0142,matlab_sweep_00,142,4.5119388090016255,1,1.9597128250085707,eligible,pmks_positive_0142,matched,
matlab_0143,matlab_sweep_00,143,4.5293921015215686,1,1.9564855568148078,eligible,pmks_positive_0143,matched,
matlab_0144,matlab_sweep_00,144,4.5468453940415117,1,1.953545725906044,eligible,pmks_positive_0144,matched,
matlab_0145,matlab_sweep_00,145,4.5642986865614548,1,1.9508955397118739,eligible,pmks_positive_0145,matched,
matlab_0146,matlab_sweep_00,146,4.5817519790813979,1,1.9485369858573871,eligible,pmks_positive_0146,matched,
matlab_0147,matlab_sweep_00,147,4.5992052716013401,1,1.9464718315596174,eligible,pmks_positive_0147,matched,
matlab_0148,matlab_sweep_00,148,4.6166585641212841,1,1.9447016230076415,eligible,pmks_positive_0148,matched,
matlab_0149,matlab_sweep_00,149,4.6341118566412263,1,1.943227684754061,eligible,pmks_positive_0149,matched,
matlab_0150,matlab_sweep_00,150,4.6515651491611703,1,1.942051119143521,eligible,pmks_positive_0150,matched,
matlab_0151,matlab_sweep_00,151,4.6690184416811125,1,1.9411728058010129,eligible,pmks_positive_0151,matched,
matlab_0152,matlab_sweep_00,152,4.6864717342010564,1,1.940593401199713,eligible,pmks_positive_0152,matched,
matlab_0153,matlab_sweep_00,153,4.7039250267209987,1,1.9403133383244322,eligible,pmks_positive_0153,matched,
matlab_0154,matlab_sweep_00,154,4.7213783192409426,1,1.9403328264430473,eligible,pmks_positive_0154,matched,
matlab_0155,matlab_sweep_00,155,4.7388316117608857,1,1.9406518509941322,eligible,pmks_positive_0155,matched,
matlab_0156,matlab_sweep_00,156,4.7562849042808288,1,1.9412701735948157,eligible,pmks_positive_0156,matched,
matlab_0157,matlab_sweep_00,157,4.7737381968007719,1,1.9421873321685881,eligible,pmks_positive_0157,matched,
matlab_0158,matlab_sweep_00,158,4.791191489320715,1,1.9434026411884784,eligible,pmks_positive_0158,matched,
matlab_0159,matlab_sweep_00,159,4.8086447818406581,1,1.9449151920268115,eligible,pmks_positive_0159,matched,
matlab_0160,matlab_sweep_00,160,4.8260980743606012,1,1.946723853398725,eligible,pmks_positive_0160,matched,
matlab_0161,matlab_sweep_00,161,4.8435513668805443,1,1.9488272718828199,eligible,pmks_positive_0161,matched,
matlab_0162,matlab_sweep_00,162,4.8610046594004874,1,1.9512238724988251,eligible,pmks_positive_0162,matched,
matlab_0163,matlab_sweep_00,163,4.8784579519204305,1,1.9539118593190812,eligible,pmks_positive_0163,matched,
matlab_0164,matlab_sweep_00,164,4.8959112444403736,1,1.9568892160879363,eligible,pmks_positive_0164,matched,
matlab_0165,matlab_sweep_00,165,4.9133645369603167,1,1.9601537068210315,eligible,pmks_positive_0165,matched,
matlab_0166,matlab_sweep_00,166,4.9308178294802598,1,1.9637028763546767,eligible,pmks_positive_0166,matched,
matlab_0167,matlab_sweep_00,167,4.9482711220002029,1,1.9675340508145287,eligible,pmks_positive_0167,matched,
matlab_0168,matlab_sweep_00,168,4.965724414520146,1,1.9716443379721333,eligible,pmks_positive_0168,matched,
matlab_0169,matlab_sweep_00,169,4.9831777070400891,1,1.9760306274579853,eligible,pmks_positive_0169,matched,
matlab_0170,matlab_sweep_00,170,5.0006309995600322,1,1.9806895908003035,eligible,pmks_positive_0170,matched,
matlab_0171,matlab_sweep_00,171,5.0180842920799753,1,1.9856176812599586,eligible,pmks_positive_0171,matched,
matlab_0172,matlab_sweep_00,172,5.0355375845999184,1,1.9908111334336385,eligible,pmks_positive_0172,matched,
matlab_0173,matlab_sweep_00,173,5.0529908771198615,1,1.9962659625996535,eligible,pmks_positive_0173,matched,
matlab_0174,matlab_sweep_00,174,5.0704441696398046,1,2.0019779637834758,eligible,pmks_positive_0174,matched,
matlab_0175,matlab_sweep_00,175,5.0878974621597477,1,2.0079427105233894,eligible,pmks_positive_0175,matched,
matlab_0176,matlab_sweep_00,176,5.1053507546796908,1,2.014155553320248,eligible,pmks_positive_0176,matched,
matlab_0177,matlab_sweep_00,177,5.1228040471996339,1,2.0206116177594091,eligible,pmks_positive_0177,matched,
matlab_0178,matlab_sweep_00,178,5.140257339719577,1,2.0273058022973514,eligible,pmks_positive_0178,matched,
matlab_0179,matlab_sweep_00,179,5.1577106322395201,1,2.0342327757102279,eligible,pmks_positive_0179,matched,
matlab_0180,matlab_sweep_00,180,5.1751639247594632,1,2.0413869742066364,eligible,pmks_positive_0180,matched,
matlab_0181,matlab_sweep_00,181,5.1926172172794063,1,2.0487625982122366,eligible,pmks_positive_0181,matched,
matlab_0182,matlab_sweep_00,182,5.2100705097993494,1,2.0563536088392924,eligible,pmks_positive_0182,matched,
matlab_0183,matlab_sweep_00,183,5.2275238023192925,1,2.0641537240600072,eligible,pmks_positive_0183,matched,
matlab_0184,matlab_sweep_00,184,5.2449770948392356,1,2.0721564146083136,eligible,pmks_positive_0184,matched,
matlab_0185,matlab_sweep_00,185,5.2624303873591787,1,2.080354899640863,eligible,pmks_positive_0185,matched,
matlab_0186,matlab_sweep_00,186,5.2798836798791218,1,2.08874214219396,eligible,pmks_positive_0186,matched,
matlab_0187,matlab_sweep_00,187,5.2973369723990649,1,2.097310844479467,eligible,pmks_positive_0187,matched,
matlab_0188,matlab_sweep_00,188,5.314790264919008,1,2.1060534430688214,eligible,pmks_positive_0188,matched,
matlab_0189,matlab_sweep_00,189,5.3322435574389511,1,2.1149621040206048,eligible,pmks_positive_0189,matched,
matlab_0190,matlab_sweep_00,190,5.3496968499588942,1,2.1240287180132764,eligible,pmks_positive_0190,matched,
matlab_0191,matlab_sweep_00,191,5.3671501424788373,1,2.1332448955508894,eligible,pmks_positive_0191,matched,
matlab_0192,matlab_sweep_00,192,5.3846034349987804,1,2.1426019623156272,eligible,pmks_positive_0192,matched,
matlab_0193,matlab_sweep_00,193,5.4020567275187235,1,2.152090954746976,eligible,pmks_positive_0193,matched,
matlab_0194,matlab_sweep_00,194,5.4195100200386666,1,2.1617026159331472,eligible,pmks_positive_0194,matched,
matlab_0195,matlab_sweep_00,195,5.4369633125586097,1,2.1714273919058389,eligible,pmks_positive_0195,matched,
matlab_0196,matlab_sweep_00,196,5.4544166050785527,1,2.1812554284347376,eligible,pmks_positive_0196,matched,
matlab_0197,matlab_sweep_00,197,5.4718698975984958,1,2.1911765684230642,eligible,pmks_positive_0197,matched,
matlab_0198,matlab_sweep_00,198,5.4893231901184389,1,2.2011803500099192,eligible,pmks_positive_0198,matched,
matlab_0199,matlab_sweep_00,199,5.506776482638382,1,2.2112560054891834,eligible,pmks_positive_0199,matched,
matlab_0200,matlab_sweep_00,200,5.5242297751583251,1,2.2213924611581217,eligible,pmks_positive_0200,matched,
matlab_0201,matlab_sweep_00,201,5.5416830676782682,1,2.2315783382115235,eligible,pmks_positive_0201,matched,
matlab_0202,matlab_sweep_00,202,5.5591363601982113,1,2.2418019547991084,eligible,pmks_positive_0202,matched,
matlab_0203,matlab_sweep_00,203,5.5765896527181544,1,2.2520513293649733,eligible,pmks_positive_0203,matched,
matlab_0204,matlab_sweep_00,204,5.5940429452380975,1,2.2623141853878423,eligible,pmks_positive_0204,matched,
matlab_0205,matlab_sweep_00,205,5.6114962377580406,1,2.2725779576397414,eligible,pmks_positive_0205,matched,
matlab_0206,matlab_sweep_00,206,5.6289495302779837,1,2.2828298000784022,eligible,pmks_positive_0206,matched,
matlab_0207,matlab_sweep_00,207,5.6464028227979268,1,2.2930565954849276,eligible,pmks_positive_0207,matched,
matlab_0208,matlab_sweep_00,208,5.6638561153178699,1,2.3032449669531201,eligible,pmks_positive_0208,matched,
matlab_0209,matlab_sweep_00,209,5.681309407837813,1,2.3133812913300709,eligible,pmks_positive_0209,matched,
matlab_0210,matlab_sweep_00,210,5.6987627003577561,1,2.3234517146991851,eligible,pmks_positive_0210,matched,
matlab_0211,matlab_sweep_00,211,5.7162159928776992,1,2.3334421699866619,eligible,pmks_positive_0211,matched,
matlab_0212,matlab_sweep_00,212,5.7336692853976423,1,2.34333839676041,eligible,pmks_positive_0212,matched,
matlab_0213,matlab_sweep_00,213,5.7511225779175854,1,2.3531259632765593,eligible,pmks_positive_0213,matched,
matlab_0214,matlab_sweep_00,214,5.7685758704375285,1,2.3627902908129403,eligible,pmks_positive_0214,matched,
matlab_0215,matlab_sweep_00,215,5.7860291629574716,1,2.3723166803113811,eligible,pmks_positive_0215,matched,
matlab_0216,matlab_sweep_00,216,5.8034824554774147,1,2.381690341331165,eligible,pmks_positive_0216,matched,
matlab_0217,matlab_sweep_00,217,5.8209357479973578,1,2.3908964232948793,eligible,pmks_positive_0217,matched,
matlab_0218,matlab_sweep_00,218,5.8383890405173009,1,2.3999200489851344,eligible,pmks_positive_0218,matched,
matlab_0219,matlab_sweep_00,219,5.855842333037244,1,2.4087463502263513,eligible,pmks_positive_0219,matched,
matlab_0220,matlab_sweep_00,220,5.8732956255571871,1,2.4173605056604197,eligible,pmks_positive_0220,matched,
matlab_0221,matlab_sweep_00,221,5.8907489180771302,1,2.4257477804985528,eligible,pmks_positive_0221,matched,
matlab_0222,matlab_sweep_00,222,5.9082022105970733,1,2.4338935681045868,eligible,pmks_positive_0222,matched,
matlab_0223,matlab_sweep_00,223,5.9256555031170164,1,2.4417834332374917,eligible,pmks_positive_0223,matched,
matlab_0224,matlab_sweep_00,224,5.9431087956369595,1,2.4494031567534837,eligible,pmks_positive_0224,matched,
matlab_0225,matlab_sweep_00,225,5.9605620881569026,1,2.4567387815412216,eligible,pmks_positive_0225,matched,
matlab_0226,matlab_sweep_00,226,5.9780153806768457,1,2.463776659437531,eligible,pmks_positive_0226,matched,
matlab_0227,matlab_sweep_00,227,5.9954686731967888,1,2.470503498846564,eligible,pmks_positive_0227,matched,
matlab_0228,matlab_sweep_00,228,6.0129219657167319,1,2.4769064127625442,eligible,pmks_positive_0228,matched,
matlab_0229,matlab_sweep_00,229,6.030375258236675,1,2.4829729668759426,eligible,pmks_positive_0229,matched,
matlab_0230,matlab_sweep_00,230,6.0478285507566181,1,2.4886912274254644,eligible,pmks_positive_0230,matched,
matlab_0231,matlab_sweep_00,231,6.0652818432765612,1,2.494049808444053,eligible,pmks_positive_0231,matched,
matlab_0232,matlab_sweep_00,232,6.0827351357965043,1,2.4990379180367648,eligible,pmks_positive_0232,matched,
matlab_0233,matlab_sweep_00,233,6.1001884283164474,1,2.5036454033220727,eligible,pmks_positive_0233,matched,
matlab_0234,matlab_sweep_00,234,6.1176417208363905,1,2.5078627936663831,eligible,pmks_positive_0234,matched,
matlab_0235,matlab_sweep_00,235,6.1350950133563336,1,2.5116813418444628,eligible,pmks_positive_0235,matched,
matlab_0236,matlab_sweep_00,236,6.1525483058762767,1,2.5150930627662547,eligible,pmks_positive_0236,matched,
matlab_0237,matlab_sweep_00,237,6.1700015983962198,1,2.5180907694233934,eligible,pmks_positive_0237,matched,
matlab_0238,matlab_sweep_00,238,6.1874548909161629,1,2.5206681057263887,eligible,pmks_positive_0238,matched,
matlab_0239,matlab_sweep_00,239,6.204908183436106,1,2.5228195759260967,eligible,pmks_positive_0239,matched,
matlab_0240,matlab_sweep_00,240,6.222361475956049,1,2.5245405703402768,eligible,pmks_positive_0240,matched,
matlab_0241,matlab_sweep_00,241,6.2398147684759921,1,2.5258273871375341,eligible,pmks_positive_0241,matched,
matlab_0242,matlab_sweep_00,242,6.2572680609959352,1,2.5266772499663932,eligible,pmks_positive_0242,matched,
matlab_0243,matlab_sweep_00,243,6.2747213535158783,1,2.5270883212560191,eligible,pmks_positive_0243,matched,
matlab_0244,matlab_sweep_00,244,6.2921746460358214,1,2.527059711056725,eligible,pmks_positive_0244,matched,
matlab_0245,matlab_sweep_00,245,6.3096279385557645,1,2.5265914813321526,eligible,pmks_positive_0245,matched,
matlab_0246,matlab_sweep_00,246,6.3270812310757076,1,2.5256846456601885,eligible,pmks_positive_0246,matched,
matlab_0247,matlab_sweep_00,247,6.3445345235956507,1,2.5243411643456493,eligible,pmks_positive_0247,matched,
matlab_0248,matlab_sweep_00,248,6.3619878161155938,1,2.5225639349935514,eligible,pmks_positive_0248,matched,
matlab_0249,matlab_sweep_00,249,6.3794411086355369,1,2.520356778636875,eligible,pmks_positive_0249,matched,
matlab_0250,matlab_sweep_00,250,6.39689440115548,1,2.5177244215562804,eligible,pmks_positive_0250,matched,
matlab_0251,matlab_sweep_00,251,6.4143476936754231,1,2.5146724729703971,eligible,pmks_positive_0251,matched,
matlab_0252,matlab_sweep_00,252,6.4318009861953662,1,2.5112073988138328,eligible,pmks_positive_0252,matched,
matlab_0253,matlab_sweep_00,253,6.4492542787153093,1,2.5073364918548897,eligible,pmks_positive_0253,matched,
matlab_0254,matlab_sweep_00,254,6.4667075712352524,1,2.5030678384359684,eligible,pmks_positive_0254,matched,
matlab_0255,matlab_sweep_00,255,6.4841608637551955,1,2.4984102821462986,eligible,pmks_positive_0255,matched,
matlab_0256,matlab_sweep_00,256,6.5016141562751386,1,2.4933733847585566,eligible,pmks_positive_0256,matched,
matlab_0257,matlab_sweep_00,257,6.5190674487950817,1,2.487967384778031,eligible,pmks_positive_0257,matched,
matlab_0258,matlab_sweep_00,258,6.5365207413150248,1,2.4822031539651621,eligible,pmks_positive_0258,matched,
matlab_0259,matlab_sweep_00,259,6.5539740338349679,1,2.4760921521993824,eligible,pmks_positive_0259,matched,
matlab_0260,matlab_sweep_00,260,6.571427326354911,1,2.4696463810545333,eligible,pmks_positive_0260,matched,
matlab_0261,matlab_sweep_00,261,6.5888806188748541,1,2.4628783364537048,eligible,pmks_positive_0261,matched,
matlab_0262,matlab_sweep_00,262,6.6063339113947972,1,2.4558009607645332,eligible,pmks_positive_0262,matched,
matlab_0263,matlab_sweep_00,263,6.6237872039147403,1,2.4484275946851306,eligible,pmks_positive_0263,matched,
matlab_0264,matlab_sweep_00,264,6.6412404964346834,1,2.4407719292561212,eligible,pmks_positive_0264,matched,
matlab_0265,matlab_sweep_00,265,6.6586937889546265,1,2.4328479583165041,eligible,pmks_positive_0265,matched,
matlab_0266,matlab_sweep_00,266,6.6761470814745696,1,2.4246699317003206,eligible,pmks_positive_0266,matched,
matlab_0267,matlab_sweep_00,267,6.6936003739945127,1,2.416252309448141,eligible,pmks_positive_0267,matched,
matlab_0268,matlab_sweep_00,268,6.7110536665144558,1,2.4076097172825892,eligible,pmks_positive_0268,matched,
matlab_0269,matlab_sweep_00,269,6.7285069590343989,1,2.3987569035709959,eligible,pmks_positive_0269,matched,
matlab_0270,matlab_sweep_00,270,6.745960251554342,1,2.3897086979712068,eligible,pmks_positive_0270,matched,
matlab_0271,matlab_sweep_00,271,6.7634135440742851,1,2.3804799719292329,eligible,pmks_positive_0271,matched,
matlab_0272,matlab_sweep_00,272,6.7808668365942282,1,2.3710856011699137,eligible,pmks_positive_0272,matched,
matlab_0273,matlab_sweep_00,273,6.7983201291141713,1,2.361540430294812,eligible,pmks_positive_0273,matched,
matlab_0274,matlab_sweep_00,274,6.8157734216341144,1,2.3518592395751479,eligible,pmks_positive_0274,matched,
matlab_0275,matlab_sweep_00,275,6.8332267141540575,1,2.3420567140023358,eligible,pmks_positive_0275,matched,
matlab_0276,matlab_sweep_00,276,6.8506800066740006,1,2.3321474146346231,eligible,pmks_positive_0276,matched,
matlab_0277,matlab_sweep_00,277,6.8681332991939437,1,2.3221457522557549,eligible,pmks_positive_0277,matched,
matlab_0278,matlab_sweep_00,278,6.8855865917138868,1,2.3120659633406393,eligible,pmks_positive_0278,matched,
matlab_0279,matlab_sweep_00,279,6.9030398842338299,1,2.3019220883038538,eligible,pmks_positive_0279,matched,
matlab_0280,matlab_sweep_00,280,6.920493176753773,1,2.2917279519894014,eligible,pmks_positive_0280,matched,
matlab_0281,matlab_sweep_00,281,6.9379464692737161,1,2.2814971463446749,eligible,pmks_positive_0281,matched,
matlab_0282,matlab_sweep_00,282,6.9553997617936592,1,2.2712430152079737,eligible,pmks_positive_0282,matched,
matlab_0283,matlab_sweep_00,283,6.9728530543136023,1,2.2609786411271351,eligible,pmks_positive_0283,matched,
matlab_0284,matlab_sweep_00,284,6.9903063468335453,1,2.2507168341169161,eligible,pmks_positive_0284,matched,
matlab_0285,matlab_sweep_00,285,7.0077596393534884,1,2.2404701222545262,eligible,pmks_positive_0285,matched,
matlab_0286,matlab_sweep_00,286,7.0252129318734315,1,2.2302507440061898,eligible,pmks_positive_0286,matched,
matlab_0287,matlab_sweep_00,287,7.0426662243933746,1,2.2200706421726011,eligible,pmks_positive_0287,matched,
matlab_0288,matlab_sweep_00,288,7.0601195169133177,1,2.2099414593376223,eligible,pmks_positive_0288,matched,
matlab_0289,matlab_sweep_00,289,7.0775728094332608,1,2.1998745347023601,eligible,pmks_positive_0289,matched,
matlab_0290,matlab_sweep_00,290,7.0950261019532039,1,2.1898809021858145,eligible,pmks_positive_0290,matched,
matlab_0291,matlab_sweep_00,291,7.112479394473147,1,2.1799712896733876,eligible,pmks_positive_0291,matched,
matlab_0292,matlab_sweep_00,292,7.1299326869930901,1,2.1701561192957546,eligible,pmks_positive_0292,matched,
matlab_0293,matlab_sweep_00,293,7.1473859795130332,1,2.160445508622526,eligible,pmks_positive_0293,matched,
matlab_0294,matlab_sweep_00,294,7.1648392720329763,1,2.1508492726579895,eligible,pmks_positive_0294,matched,
matlab_0295,matlab_sweep_00,295,7.1822925645529194,1,2.1413769265296621,eligible,pmks_positive_0295,matched,
matlab_0296,matlab_sweep_00,296,7.1997458570728625,1,2.1320376887644352,eligible,pmks_positive_0296,matched,
matlab_0297,matlab_sweep_00,297,7.2171991495928056,1,2.1228404850516251,eligible,pmks_positive_0297,matched,
matlab_0298,matlab_sweep_00,298,7.2346524421127487,1,2.1137939523972316,eligible,pmks_positive_0298,matched,
matlab_0299,matlab_sweep_00,299,7.2521057346326918,1,2.1049064435789608,eligible,pmks_positive_0299,matched,
matlab_0300,matlab_sweep_00,300,7.2695590271526349,1,2.0961860318171843,eligible,pmks_positive_0300,matched,
matlab_0301,matlab_sweep_00,301,7.287012319672578,1,2.0876405155827769,eligible,pmks_positive_0301,matched,
matlab_0302,matlab_sweep_00,302,7.3044656121925211,1,2.0792774234687488,eligible,pmks_positive_0302,matched,
matlab_0303,matlab_sweep_00,303,7.3219189047124642,1,2.0711040190586987,eligible,pmks_positive_0303,matched,
matlab_0304,matlab_sweep_00,304,7.3393721972324073,1,2.0631273057312329,eligible,pmks_positive_0304,matched,
matlab_0305,matlab_sweep_00,305,7.3568254897523504,1,2.055354031345773,eligible,pmks_positive_0305,matched,
matlab_0306,matlab_sweep_00,306,7.3742787822722935,1,2.0477906927613581,eligible,pmks_positive_0306,matched,
matlab_0307,matlab_sweep_00,307,7.3917320747922366,1,2.0404435401462955,eligible,pmks_positive_0307,matched,
matlab_0308,matlab_sweep_00,308,7.4091853673121797,1,2.0333185810426326,eligible,pmks_positive_0308,matched,
matlab_0309,matlab_sweep_00,309,7.4266386598321228,1,2.0264215841555635,eligible,pmks_positive_0309,matched,
matlab_0310,matlab_sweep_00,310,7.4440919523520659,1,2.0197580828438455,eligible,pmks_positive_0310,matched,
matlab_0311,matlab_sweep_00,311,7.461545244872009,1,2.0133333782930953,eligible,pmks_positive_0311,matched,
matlab_0312,matlab_sweep_00,312,7.4789985373919521,1,2.007152542359655,eligible,pmks_positive_0312,matched,
matlab_0313,matlab_sweep_00,313,7.4964518299118952,1,2.0012204200780812,eligible,pmks_positive_0313,matched,
matlab_0314,matlab_sweep_00,314,7.5139051224318383,1,1.99554163183063,eligible,pmks_positive_0314,matched,
matlab_0315,matlab_sweep_00,315,7.5313584149517814,1,1.9901205751821593,eligible,pmks_positive_0315,matched,
matlab_0316,matlab_sweep_00,316,7.5488117074717245,1,1.9849614263884985,eligible,pmks_positive_0316,matched,
matlab_0317,matlab_sweep_00,317,7.5662649999916676,1,1.9800681415908128,eligible,pmks_positive_0317,matched,
matlab_0318,matlab_sweep_00,318,7.5837182925116107,1,1.9754444577123913,eligible,pmks_positive_0318,matched,
matlab_0319,matlab_sweep_00,319,7.6011715850315538,1,1.9710938930780222,eligible,pmks_positive_0319,matched,
matlab_0320,matlab_sweep_00,320,7.6186248775514969,1,1.9670197477791544,eligible,pmks_positive_0320,matched,
matlab_0321,matlab_sweep_00,321,7.63607817007144,1,1.9632251038108413,eligible,pmks_positive_0321,matched,
matlab_0322,matlab_sweep_00,322,7.6535314625913831,1,1.9597128250085765,eligible,pmks_positive_0322,matched,
matlab_0323,matlab_sweep_00,323,7.6709847551113262,1,1.9564855568148147,eligible,pmks_positive_0323,matched,
matlab_0324,matlab_sweep_00,324,7.6884380476312693,1,1.9535457259060489,eligible,pmks_positive_0324,matched,
matlab_0325,matlab_sweep_00,325,7.7058913401512124,1,1.9508955397118795,eligible,pmks_positive_0325,matched,
matlab_0326,matlab_sweep_00,326,7.7233446326711555,1,1.9485369858573893,eligible,pmks_positive_0326,matched,
matlab_0327,matlab_sweep_00,327,7.7407979251910985,1,1.946471831559623,eligible,pmks_positive_0327,matched,
matlab_0328,matlab_sweep_00,328,7.7582512177110416,1,1.9447016230076455,eligible,pmks_positive_0328,matched,
matlab_0329,matlab_sweep_00,329,7.7757045102309847,1,1.9432276847540653,eligible,pmks_positive_0329,matched,
matlab_0330,matlab_sweep_00,330,7.7931578027509278,1,1.9420511191435228,eligible,pmks_positive_0330,matched,
matlab_0331,matlab_sweep_00,331,7.8106110952708709,1,1.9411728058010149,eligible,pmks_positive_0331,matched,
matlab_0332,matlab_sweep_00,332,7.828064387790814,1,1.9405934011997121,eligible,pmks_positive_0332,matched,
matlab_0333,matlab_sweep_00,333,7.8455176803107571,1,1.9403133383244324,eligible,pmks_positive_0333,matched,
matlab_0334,matlab_sweep_00,334,7.8629709728307002,1,1.9403328264430477,eligible,pmks_positive_0334,matched,
matlab_0335,matlab_sweep_00,335,7.8804242653506433,1,1.9406518509941306,eligible,pmks_positive_0335,matched,
matlab_0336,matlab_sweep_00,336,7.8978775578705864,1,1.9412701735948137,eligible,pmks_positive_0336,matched,
matlab_0337,matlab_sweep_00,337,7.9153308503905295,1,1.9421873321685859,eligible,pmks_positive_0337,matched,
matlab_0338,matlab_sweep_00,338,7.9327841429104726,1,1.9434026411884764,eligible,pmks_positive_0338,matched,
matlab_0339,matlab_sweep_00,339,7.9502374354304157,1,1.944915192026808,eligible,pmks_positive_0339,matched,
matlab_0340,matlab_sweep_00,340,7.9676907279503588,1,1.9467238533987217,eligible,pmks_positive_0340,matched,
matlab_0341,matlab_sweep_00,341,7.9851440204703019,1,1.948827271882817,eligible,pmks_positive_0341,matched,
matlab_0342,matlab_sweep_00,342,8.002597312990245,1,1.9512238724988198,eligible,pmks_positive_0342,matched,
matlab_0343,matlab_sweep_00,343,8.020050605510189,1,1.9539118593190739,eligible,pmks_positive_0343,matched,
matlab_0344,matlab_sweep_00,344,8.037503898030133,1,1.9568892160879308,eligible,pmks_positive_0344,matched,
matlab_0345,matlab_sweep_00,345,8.054957190550077,1,1.9601537068210249,eligible,pmks_positive_0345,matched,
matlab_0346,matlab_sweep_00,346,8.072410483070021,1,1.9637028763546696,eligible,pmks_positive_0346,matched,
matlab_0347,matlab_sweep_00,347,8.0898637755899649,1,1.9675340508145214,eligible,pmks_positive_0347,matched,
matlab_0348,matlab_sweep_00,348,8.1073170681099089,1,1.9716443379721273,eligible,pmks_positive_0348,matched,
matlab_0349,matlab_sweep_00,349,8.1247703606298529,1,1.9760306274579771,eligible,pmks_positive_0349,matched,
matlab_0350,matlab_sweep_00,350,8.1422236531497969,1,1.9806895908002966,eligible,pmks_positive_0350,matched,
matlab_0351,matlab_sweep_00,351,8.1596769456697409,1,1.9856176812599513,eligible,pmks_positive_0351,matched,
matlab_0352,matlab_sweep_00,352,8.1771302381896849,1,1.990811133433632,eligible,pmks_positive_0352,matched,
matlab_0353,matlab_sweep_00,353,8.1945835307096289,1,1.9962659625996459,eligible,pmks_positive_0353,matched,
matlab_0354,matlab_sweep_00,354,8.2120368232295728,1,2.0019779637834674,eligible,pmks_positive_0354,matched,
matlab_0355,matlab_sweep_00,355,8.2294901157495168,1,2.0079427105233809,eligible,pmks_positive_0355,matched,
matlab_0356,matlab_sweep_00,356,8.2469434082694608,1,2.0141555533202391,eligible,pmks_positive_0356,matched,
matlab_0357,matlab_sweep_00,357,8.2643967007894048,1,2.0206116177594011,eligible,pmks_positive_0357,matched,
matlab_0358,matlab_sweep_00,358,8.2818499933093488,1,2.0273058022973443,eligible,pmks_positive_0358,matched,
matlab_0359,matlab_sweep_00,359,8.2993032858292928,1,2.0342327757102199,eligible,pmks_positive_0359,matched,
matlab_0360,matlab_sweep_01,0,2.0335712711696505,1,2.0413869742066262,eligible,pmks_positive_0000,matched,
