sample_id,theta_delta_rad,omega_rad_s,alpha_rad_s2
matlab_0000,0,0.95807435535007879,-0.23660185385226712
matlab_0001,0.015935205632084726,0.95415975309974321,-0.23320579410342596
matlab_0002,0.031805624405380817,0.9502990355634614,-0.23013258447919274
matlab_0003,0.047612110402307062,0.94648697278621075,-0.22736437266338105
matlab_0004,0.063355432950137791,0.94271862008085738,-0.22488475558571641
matlab_0005,0.079036281180469903,0.93898929499524264,-0.22267864726813591
matlab_0006,0.094655268222517686,0.93529455636718495,-0.22073216014930974
matlab_0007,0.11021293506323704,0.93163018525614105,-0.21903249831652519
matlab_0008,0.12570975410397445,0.92799216756474978,-0.21756786127428646
matlab_0009,0.14114613244039198,0.92437667818486269,-0.21632735705119924
matlab_0010,0.15652241488983032,0.9207800665213558,-0.21530092359516742
matlab_0011,0.17183888678797477,0.91719884326343548,-0.21447925753520475
matlab_0012,0.18709577657462129,0.91362966828755632,-0.21385374949923941
matlab_0013,0.20229325818652821,0.91006933958876912,-0.21341642527364826
matlab_0014,0.21743145327371716,0.90651478314848677,-0.21315989217403486
matlab_0015,0.23251043325413012,0.90296304365656721,-0.21307729006976095
matlab_0016,0.24753022122025792,0.89941127601433901,-0.21316224656844673
matlab_0017,0.26249079371019945,0.89585673755296535,-0.21340883592238322
matlab_0018,0.27739208235457635,0.89229678090841746,-0.2138115412676293
matlab_0019,0.29223397540980156,0.88872884750045766,-0.21436521984945911
matlab_0020,0.30701631918736294,0.88515046156847887,-0.21506507092555693
matlab_0021,0.32173891938805022,0.88155922472191162,-0.21590660607162929
matlab_0022,0.33640154234937825,0.87795281096723921,-0.21688562164350761
matlab_0023,0.3510039162138554,0.87432896217755696,-0.21799817317586465
matlab_0024,0.36554573202522489,0.87068548397405787,-0.21924055152077185
matlab_0025,0.38002664475929437,0.86702024199194816,-0.22060926054991817
matlab_0026,0.394446274295571,0.86333115850607134,-0.22210099626265631
matlab_0027,0.40880420633549064,0.85961620939400707,-0.22371262715849149
matlab_0028,0.42309999327270664,0.85587342141664846,-0.22544117574736952
matlab_0029,0.43733315502057746,0.85210086979825372,-0.22728380108441187
matlab_0030,0.45150317980169774,0.84829667608976334,-0.22923778222777527
matlab_0031,0.46560952490408192,0.84445900630075632,-0.23130050252919057
matlab_0032,0.47965161740835316,0.84058606928686486,-0.23346943467671066
matlab_0033,0.49362885489010999,0.83667611538070208,-0.23574212641826275
matlab_0034,0.50754060610141805,0.83272743525550597,-0.23811618690300818
matlab_0035,0.52138621163524457,0.82873835901166548,-0.24058927358522425
matlab_0036,0.53516498457644968,0.82470725547716639,-0.24315907964264563
matlab_0037,0.54887621114285667,0.82063253171373685,-0.24582332186790384
matlab_0038,0.56251915131974273,0.81651263272110508,-0.24857972899803507
matlab_0039,0.57609303949100821,0.81234604133232435,-0.25142603045298501
matlab_0040,0.58959708507014441,0.8081312782935437,-0.2543599454596891
matlab_0041,0.60303047313402147,0.80386690252196158,-0.25737917254371245
matlab_0042,0.60303047313402147,-0.80386690252196158,-0.25737917254371245
matlab_0043,0.58959708507014441,-0.8081312782935437,-0.2543599454596891
matlab_0044,0.57609303949100821,-0.81234604133232435,-0.25142603045298501
matlab_0045,0.56251915131974273,-0.81651263272110508,-0.24857972899803507
matlab_0046,0.54887621114285667,-0.82063253171373685,-0.24582332186790384
matlab_0047,0.53516498457644968,-0.82470725547716639,-0.24315907964264563
matlab_0048,0.52138621163524457,-0.82873835901166548,-0.24058927358522425
matlab_0049,0.50754060610141805,-0.83272743525550597,-0.23811618690300818
matlab_0050,0.49362885489010999,-0.83667611538070208,-0.23574212641826275
matlab_0051,0.47965161740835316,-0.84058606928686486,-0.23346943467671066
matlab_0052,0.46560952490408192,-0.84445900630075632,-0.23130050252919057
matlab_0053,0.45150317980169774,-0.84829667608976334,-0.22923778222777527
matlab_0054,0.43733315502057746,-0.85210086979825372,-0.22728380108441187
matlab_0055,0.42309999327270664,-0.85587342141664846,-0.22544117574736952
matlab_0056,0.40880420633549064,-0.85961620939400707,-0.22371262715849149
matlab_0057,0.394446274295571,-0.86333115850607134,-0.22210099626265631
matlab_0058,0.38002664475929437,-0.86702024199194816,-0.22060926054991817
matlab_0059,0.36554573202522489,-0.87068548397405787,-0.21924055152077185
matlab_0060,0.3510039162138554,-0.87432896217755696,-0.21799817317586465
matlab_0061,0.33640154234937825,-0.87795281096723921,-0.21688562164350761
matlab_0062,0.32173891938805022,-0.88155922472191162,-0.21590660607162929
matlab_0063,0.30701631918736294,-0.88515046156847887,-0.21506507092555693
matlab_0064,0.29223397540980156,-0.88872884750045766,-0.21436521984945911
matlab_0065,0.27739208235457635,-0.89229678090841746,-0.2138115412676293
matlab_0066,0.26249079371019945,-0.89585673755296535,-0.21340883592238322
matlab_0067,0.24753022122025792,-0.89941127601433901,-0.21316224656844673
matlab_0068,0.23251043325413012,-0.90296304365656721,-0.21307729006976095
matlab_0069,0.21743145327371716,-0.90651478314848677,-0.21315989217403486
matlab_0070,0.20229325818652821,-0.91006933958876912,-0.21341642527364826
matlab_0071,0.18709577657462129,-0.91362966828755632,-0.21385374949923941
matlab_0072,0.17183888678797477,-0.91719884326343548,-0.21447925753520475
matlab_0073,0.15652241488983032,-0.9207800665213558,-0.21530092359516742
matlab_0074,0.14114613244039198,-0.92437667818486269,-0.21632735705119924
matlab_0075,0.12570975410397445,-0.92799216756474978,-0.21756786127428646
matlab_0076,0.11021293506323704,-0.93163018525614105,-0.21903249831652519
matlab_0077,0.094655268222517686,-0.93529455636718495,-0.22073216014930974
matlab_0078,0.079036281180469903,-0.93898929499524264,-0.22267864726813591
matlab_0079,0.063355432950137791,-0.94271862008085738,-0.22488475558571641
matlab_0080,0.047612110402307062,-0.94648697278621075,-0.22736437266338105
matlab_0081,0.031805624405380817,-0.9502990355634614,-0.23013258447919274
matlab_0082,0.015935205632084726,-0.95415975309974321,-0.23320579410342596
matlab_0083,0,-0.95807435535007879,-0.23660185385226712
matlab_0084,-0.016000936290820222,-0.96204838289751327,-0.24034021272383532
matlab_0085,-0.032068642164166716,-0.96608771491209122,-0.24444208119312061
matlab_0086,-0.048204257563738251,-0.97019860001745517,-0.24893061576136449
matlab_0087,-0.064409029890293734,-0.97438769041683959,-0.25383112602986607
matlab_0088,-0.08068432103748302,-0.97866207967995811,-0.25917130750877337
matlab_0089,-0.09703161509110747,-0.98302934464999381,-0.26498150389131275
matlab_0090,-0.1134525267647768,-0.98749759199708287,-0.27129500313911009
matlab_0091,-0.12994881065430386,-0.99207551002298722,-0.27814837245420759
matlab_0092,-0.14652237140405333,-0.99677242641330654,-0.28558183808229215
matlab_0093,-0.1631752748908748,-1.00159837274101,-0.29363971692889212
matlab_0094,-0.17990976054572649,-1.0065641566514973,-0.30237090821278645
matlab_0095,-0.1967282549497722,-1.0116814428085055,-0.3118294548738833
matlab_0096,-0.21363338686117217,-1.0169628438566816,-0.32207518625333659
matlab_0097,-0.23062800385139837,-1.0224220228661716,-0.33317445574269033
matlab_0098,-0.2477151907563635,-1.0280738089741885,-0.34520098974597441
matlab_0099,-0.26489829017863165,-1.033934328236938,-0.35823686752695505
matlab_0100,-0.28218092531343708,-1.040021152063294,-0.37237365546696383
matlab_0101,-0.2995670254142373,-1.0463534660328091,-0.38771372412015637
matlab_0102,-0.31706085426444619,-1.0529522624220331,-0.40437178245811661
matlab_0103,-0.33466704208248754,-1.0598405603961427,-0.42247667114779397
matlab_0104,-0.35239062135948962,-1.06704365859485,-0.44217346599975765
matlab_0105,-0.37023706721535588,-1.0745894257872188,-0.46362595437149379
matlab_0106,-0.38821234296289342,-1.0825086364339809,-0.48701956198784768
matlab_0107,-0.4063229516952207,-1.090835359435766,-0.51256482623975708
matlab_0108,-0.42457599486402686,-1.0996074101361961,-0.54050153573046777
matlab_0109,-0.44297923900202152,-1.1088668778876938,-0.57110368624696539
matlab_0110,-0.4615411919706045,-1.1186607443038883,-0.60468544259335977
matlab_0111,-0.48027119039436961,-1.1290416108862762,-0.64160834675992373
matlab_0112,-0.49917950029180191,-1.1400685592522932,-0.68229007973636568
matlab_0113,-0.51827743334512533,-1.151808173014369,-0.72721517248089496
matlab_0114,-0.53757748179640064,-1.1643357578822688,-0.77694817891916479
matlab_0115,-0.55709347564448353,-1.1777368063563793,-0.83214998137775809
matlab_0116,-0.57684076669251727,-1.1921087662403103,-0.89359811227788266
matlab_0117,-0.59683644511795242,-1.2075631892361016,-0.96221226793659165
matlab_0118,-0.61709959568864503,-1.2242283586635554,-1.0390865941533252
matlab_0119,-0.63765160264263465,-1.2422525261129358,-1.1255308880924435
matlab_0120,-0.65851651474432349,-1.2618079288542587,-1.2231236607077329
matlab_0121,-0.67972148535074428,-1.2830958178738996,-1.3337811512896833
matlab_0122,-0.70129730679107671,-1.3063528076311566,-1.4598480553194539
matlab_0123,-0.72327906445068546,-1.3318589738471294,-1.6042181941960825
matlab_0124,-0.74570694435313911,-1.3599482915461998,-1.7704970634882609
matlab_0125,-0.7686272397966305,-1.3910222483946832,-1.9632238721369093
matlab_0126,-0.79209361932932443,-1.4255678301946846,-2.188179549114516
matlab_0127,-0.81616874255153782,-1.4641816252288353,-2.4528213475869856
matlab_0128,-0.84092634592728577,-1.5076026481521123,-2.7669078374775942
matlab_0129,-0.86645397456102358,-1.5567578431629334,-3.1434170281775979
matlab_0130,-0.89285661885671697,-1.6128264486003878,-3.5999279078311579
matlab_0131,-0.92026164645461617,-1.6773331527933135,-4.1607569411090628
matlab_0132,-0.94882563467515368,-1.7522865156278693,-4.8603675000186399
matlab_0133,-0.978744072268114,-1.8403910279095657,-5.749012667236383
matlab_0134,-1.0102655401065044,-1.9453838433606108,-6.9024833298329469
matlab_0135,-1.0437131654248559,-2.0725928272111673,-8.4398318099425023
matlab_0136,-1.079518464215903,-2.2299106017611949,-10.557662486050434
matlab_0137,-1.1182775563995941,-2.4296076540693128,-13.601805530274708
matlab_0138,-1.1608508904409165,-2.6919961257392444,-18.232718251118861
matlab_0139,-1.2085561896053891,-3.0536853288118038,-25.861059551567379
matlab_0140,-1.2635895966738355,-3.5892516738855087,-40.030240683907586
matlab_0141,-1.330127764826555,-4.4830753674214829,-72.282788345553257
matlab_0142,-1.330127764826555,4.4830753674214829,-72.282788345553257
matlab_0143,-1.2635895966738355,3.5892516738855087,-40.030240683907586
matlab_0144,-1.2085561896053891,3.0536853288118038,-25.861059551567379
matlab_0145,-1.1608508904409165,2.6919961257392444,-18.232718251118861
matlab_0146,-1.1182775563995941,2.4296076540693128,-13.601805530274708
matlab_0147,-1.079518464215903,2.2299106017611949,-10.557662486050434
matlab_0148,-1.0437131654248559,2.0725928272111673,-8.4398318099425023
matlab_0149,-1.0102655401065044,1.9453838433606108,-6.9024833298329469
matlab_0150,-0.978744072268114,1.8403910279095657,-5.749012667236383
matlab_0151,-0.94882563467515368,1.7522865156278693,-4.8603675000186399
matlab_0152,-0.92026164645461617,1.6773331527933135,-4.1607569411090628
matlab_0153,-0.89285661885671697,1.6128264486003878,-3.5999279078311579
matlab_0154,-0.86645397456102358,1.5567578431629334,-3.1434170281775979
matlab_0155,-0.84092634592728577,1.5076026481521123,-2.7669078374775942
matlab_0156,-0.81616874255153782,1.4641816252288353,-2.4528213475869856
matlab_0157,-0.79209361932932443,1.4255678301946846,-2.188179549114516
matlab_0158,-0.7686272397966305,1.3910222483946832,-1.9632238721369093
matlab_0159,-0.74570694435313911,1.3599482915461998,-1.7704970634882609
matlab_0160,-0.72327906445068546,1.3318589738471294,-1.6042181941960825
matlab_0161,-0.70129730679107671,1.3063528076311566,-1.4598480553194539
matlab_0162,-0.67972148535074428,1.2830958178738996,-1.3337811512896833
matlab_0163,-0.65851651474432349,1.2618079288542587,-1.2231236607077329
matlab_0164,-0.63765160264263465,1.2422525261129358,-1.1255308880924435
matlab_0165,-0.61709959568864503,1.2242283586635554,-1.0390865941533252
matlab_0166,-0.59683644511795242,1.2075631892361016,-0.96221226793659165
matlab_0167,-0.57684076669251727,1.1921087662403103,-0.89359811227788266
matlab_0168,-0.55709347564448353,1.1777368063563793,-0.83214998137775809
matlab_0169,-0.53757748179640064,1.1643357578822688,-0.77694817891916479
matlab_0170,-0.51827743334512533,1.151808173014369,-0.72721517248089496
matlab_0171,-0.49917950029180191,1.1400685592522932,-0.68229007973636568
matlab_0172,-0.48027119039436961,1.1290416108862762,-0.64160834675992373
matlab_0173,-0.4615411919706045,1.1186607443038883,-0.60468544259335977
matlab_0174,-0.44297923900202152,1.1088668778876938,-0.57110368624696539
matlab_0175,-0.42457599486402686,1.0996074101361961,-0.54050153573046777
matlab_0176,-0.4063229516952207,1.090835359435766,-0.51256482623975708
matlab_0177,-0.38821234296289342,1.0825086364339809,-0.48701956198784768
matlab_0178,-0.37023706721535588,1.0745894257872188,-0.46362595437149379
matlab_0179,-0.35239062135948962,1.06704365859485,-0.44217346599975765
matlab_0180,-0.33466704208248754,1.0598405603961427,-0.42247667114779397
matlab_0181,-0.31706085426444619,1.0529522624220331,-0.40437178245811661
matlab_0182,-0.2995670254142373,1.0463534660328091,-0.38771372412015637
matlab_0183,-0.28218092531343708,1.040021152063294,-0.37237365546696383
matlab_0184,-0.26489829017863165,1.033934328236938,-0.35823686752695505
matlab_0185,-0.2477151907563635,1.0280738089741885,-0.34520098974597441
matlab_0186,-0.23062800385139837,1.0224220228661716,-0.33317445574269033
matlab_0187,-0.21363338686117217,1.0169628438566816,-0.32207518625333659
matlab_0188,-0.1967282549497722,1.0116814428085055,-0.3118294548738833
matlab_0189,-0.17990976054572649,1.0065641566514973,-0.30237090821278645
matlab_0190,-0.1631752748908748,1.00159837274101,-0.29363971692889212
matlab_0191,-0.14652237140405333,0.99677242641330654,-0.28558183808229215
matlab_0192,-0.12994881065430386,0.99207551002298722,-0.27814837245420759
matlab_0193,-0.1134525267647768,0.98749759199708287,-0.27129500313911009
matlab_0194,-0.09703161509110747,0.98302934464999381,-0.26498150389131275
matlab_0195,-0.08068432103748302,0.97866207967995811,-0.25917130750877337
matlab_0196,-0.064409029890293734,0.97438769041683959,-0.25383112602986607
matlab_0197,-0.048204257563738251,0.97019860001745517,-0.24893061576136449
matlab_0198,-0.032068642164166716,0.96608771491209122,-0.24444208119312061
matlab_0199,-0.016000936290820222,0.96204838289751327,-0.24034021272383532
matlab_0200,0,0.95807435535007879,-0.23660185385226712
